Criado como novo conjunto de dados;Amostra 007 por Analyst data segunda-feira, outubro 28 2024
cm-1;%T
4000,00;58,74
3999,00;58,74
3998,00;58,74
3997,00;58,73
3996,00;58,73
3995,00;58,73
3994,00;58,72
3993,00;58,71
3992,00;58,70
3991,00;58,70
3990,00;58,71
3989,00;58,72
3988,00;58,72
3987,00;58,72
3986,00;58,72
3985,00;58,72
3984,00;58,72
3983,00;58,72
3982,00;58,72
3981,00;58,72
3980,00;58,71
3979,00;58,70
3978,00;58,69
3977,00;58,68
3976,00;58,68
3975,00;58,67
3974,00;58,67
3973,00;58,66
3972,00;58,65
3971,00;58,65
3970,00;58,66
3969,00;58,67
3968,00;58,69
3967,00;58,69
3966,00;58,68
3965,00;58,66
3964,00;58,65
3963,00;58,65
3962,00;58,65
3961,00;58,66
3960,00;58,64
3959,00;58,63
3958,00;58,63
3957,00;58,63
3956,00;58,64
3955,00;58,64
3954,00;58,62
3953,00;58,58
3952,00;58,54
3951,00;58,50
3950,00;58,48
3949,00;58,48
3948,00;58,48
3947,00;58,46
3946,00;58,41
3945,00;58,37
3944,00;58,39
3943,00;58,45
3942,00;58,51
3941,00;58,52
3940,00;58,50
3939,00;58,50
3938,00;58,54
3937,00;58,58
3936,00;58,55
3935,00;58,48
3934,00;58,41
3933,00;58,39
3932,00;58,40
3931,00;58,41
3930,00;58,40
3929,00;58,36
3928,00;58,32
3927,00;58,31
3926,00;58,33
3925,00;58,38
3924,00;58,40
3923,00;58,37
3922,00;58,28
3921,00;58,22
3920,00;58,20
3919,00;58,22
3918,00;58,26
3917,00;58,32
3916,00;58,38
3915,00;58,42
3914,00;58,44
3913,00;58,49
3912,00;58,57
3911,00;58,64
3910,00;58,63
3909,00;58,54
3908,00;58,38
3907,00;58,17
3906,00;57,97
3905,00;57,82
3904,00;57,70
3903,00;57,59
3902,00;57,49
3901,00;57,47
3900,00;57,60
3899,00;57,81
3898,00;57,98
3897,00;58,06
3896,00;58,08
3895,00;58,10
3894,00;58,10
3893,00;58,12
3892,00;58,19
3891,00;58,25
3890,00;58,19
3889,00;57,98
3888,00;57,80
3887,00;57,82
3886,00;57,99
3885,00;58,12
3884,00;58,03
3883,00;57,80
3882,00;57,71
3881,00;57,87
3880,00;58,12
3879,00;58,19
3878,00;58,06
3877,00;57,91
3876,00;57,91
3875,00;58,00
3874,00;58,02
3873,00;57,85
3872,00;57,60
3871,00;57,48
3870,00;57,61
3869,00;57,76
3868,00;57,69
3867,00;57,51
3866,00;57,50
3865,00;57,68
3864,00;57,89
3863,00;57,99
3862,00;57,98
3861,00;57,99
3860,00;58,02
3859,00;57,99
3858,00;57,84
3857,00;57,54
3856,00;57,15
3855,00;56,83
3854,00;56,85
3853,00;57,17
3852,00;57,36
3851,00;57,30
3850,00;57,42
3849,00;57,84
3848,00;58,22
3847,00;58,37
3846,00;58,33
3845,00;58,22
3844,00;58,10
3843,00;57,94
3842,00;57,72
3841,00;57,47
3840,00;57,30
3839,00;57,27
3838,00;57,35
3837,00;57,44
3836,00;57,47
3835,00;57,50
3834,00;57,61
3833,00;57,79
3832,00;57,99
3831,00;58,11
3830,00;58,13
3829,00;58,10
3828,00;58,11
3827,00;58,19
3826,00;58,21
3825,00;58,04
3824,00;57,74
3823,00;57,48
3822,00;57,46
3821,00;57,62
3820,00;57,66
3819,00;57,42
3818,00;57,22
3817,00;57,38
3816,00;57,81
3815,00;58,16
3814,00;58,24
3813,00;58,21
3812,00;58,29
3811,00;58,38
3810,00;58,34
3809,00;58,19
3808,00;58,10
3807,00;58,13
3806,00;58,09
3805,00;57,84
3804,00;57,54
3803,00;57,44
3802,00;57,64
3801,00;57,90
3800,00;57,92
3799,00;57,74
3798,00;57,71
3797,00;57,96
3796,00;58,28
3795,00;58,44
3794,00;58,44
3793,00;58,44
3792,00;58,53
3791,00;58,64
3790,00;58,69
3789,00;58,67
3788,00;58,61
3787,00;58,55
3786,00;58,53
3785,00;58,54
3784,00;58,52
3783,00;58,43
3782,00;58,31
3781,00;58,25
3780,00;58,30
3779,00;58,42
3778,00;58,48
3777,00;58,47
3776,00;58,46
3775,00;58,50
3774,00;58,52
3773,00;58,45
3772,00;58,33
3771,00;58,26
3770,00;58,27
3769,00;58,26
3768,00;58,16
3767,00;58,09
3766,00;58,16
3765,00;58,31
3764,00;58,36
3763,00;58,26
3762,00;58,14
3761,00;58,09
3760,00;58,13
3759,00;58,16
3758,00;58,13
3757,00;58,01
3756,00;57,85
3755,00;57,64
3754,00;57,40
3753,00;57,18
3752,00;57,06
3751,00;57,10
3750,00;57,19
3749,00;57,16
3748,00;56,98
3747,00;56,82
3746,00;56,84
3745,00;57,13
3744,00;57,54
3743,00;57,66
3742,00;57,48
3741,00;57,44
3740,00;57,61
3739,00;57,68
3738,00;57,53
3737,00;57,31
3736,00;57,22
3735,00;57,24
3734,00;57,25
3733,00;57,29
3732,00;57,45
3731,00;57,67
3730,00;57,84
3729,00;57,94
3728,00;58,04
3727,00;58,15
3726,00;58,20
3725,00;58,15
3724,00;58,05
3723,00;58,03
3722,00;58,09
3721,00;58,17
3720,00;58,23
3719,00;58,29
3718,00;58,36
3717,00;58,38
3716,00;58,29
3715,00;58,11
3714,00;57,90
3713,00;57,78
3712,00;57,78
3711,00;57,87
3710,00;57,93
3709,00;57,97
3708,00;58,06
3707,00;58,21
3706,00;58,34
3705,00;58,40
3704,00;58,41
3703,00;58,43
3702,00;58,49
3701,00;58,54
3700,00;58,53
3699,00;58,49
3698,00;58,51
3697,00;58,59
3696,00;58,66
3695,00;58,60
3694,00;58,43
3693,00;58,19
3692,00;57,95
3691,00;57,76
3690,00;57,70
3689,00;57,79
3688,00;57,95
3687,00;58,05
3686,00;58,15
3685,00;58,34
3684,00;58,57
3683,00;58,71
3682,00;58,69
3681,00;58,57
3680,00;58,37
3679,00;58,08
3678,00;57,71
3677,00;57,43
3676,00;57,45
3675,00;57,64
3674,00;57,60
3673,00;57,31
3672,00;57,20
3671,00;57,44
3670,00;57,85
3669,00;58,17
3668,00;58,23
3667,00;58,23
3666,00;58,39
3665,00;58,63
3664,00;58,81
3663,00;58,90
3662,00;58,90
3661,00;58,85
3660,00;58,73
3659,00;58,57
3658,00;58,44
3657,00;58,43
3656,00;58,48
3655,00;58,40
3654,00;58,14
3653,00;57,82
3652,00;57,54
3651,00;57,34
3650,00;57,27
3649,00;57,32
3648,00;57,41
3647,00;57,50
3646,00;57,66
3645,00;57,89
3644,00;58,17
3643,00;58,43
3642,00;58,63
3641,00;58,74
3640,00;58,76
3639,00;58,74
3638,00;58,72
3637,00;58,68
3636,00;58,62
3635,00;58,57
3634,00;58,50
3633,00;58,33
3632,00;58,02
3631,00;57,69
3630,00;57,56
3629,00;57,73
3628,00;57,95
3627,00;57,95
3626,00;57,91
3625,00;58,07
3624,00;58,31
3623,00;58,39
3622,00;58,28
3621,00;58,12
3620,00;58,03
3619,00;58,02
3618,00;57,98
3617,00;57,87
3616,00;57,78
3615,00;57,80
3614,00;57,91
3613,00;58,00
3612,00;57,99
3611,00;57,92
3610,00;57,88
3609,00;57,97
3608,00;58,13
3607,00;58,26
3606,00;58,32
3605,00;58,33
3604,00;58,37
3603,00;58,41
3602,00;58,44
3601,00;58,45
3600,00;58,44
3599,00;58,38
3598,00;58,31
3597,00;58,26
3596,00;58,25
3595,00;58,29
3594,00;58,33
3593,00;58,32
3592,00;58,25
3591,00;58,14
3590,00;58,02
3589,00;57,95
3588,00;57,99
3587,00;58,07
3586,00;58,10
3585,00;58,09
3584,00;58,14
3583,00;58,28
3582,00;58,43
3581,00;58,54
3580,00;58,59
3579,00;58,60
3578,00;58,59
3577,00;58,58
3576,00;58,58
3575,00;58,59
3574,00;58,60
3573,00;58,57
3572,00;58,48
3571,00;58,33
3570,00;58,13
3569,00;57,95
3568,00;57,86
3567,00;57,88
3566,00;57,92
3565,00;57,91
3564,00;57,92
3563,00;58,02
3562,00;58,18
3561,00;58,33
3560,00;58,44
3559,00;58,50
3558,00;58,52
3557,00;58,52
3556,00;58,50
3555,00;58,46
3554,00;58,44
3553,00;58,43
3552,00;58,43
3551,00;58,41
3550,00;58,34
3549,00;58,27
3548,00;58,22
3547,00;58,22
3546,00;58,24
3545,00;58,26
3544,00;58,28
3543,00;58,31
3542,00;58,36
3541,00;58,42
3540,00;58,46
3539,00;58,48
3538,00;58,48
3537,00;58,49
3536,00;58,50
3535,00;58,50
3534,00;58,48
3533,00;58,45
3532,00;58,42
3531,00;58,40
3530,00;58,37
3529,00;58,33
3528,00;58,30
3527,00;58,27
3526,00;58,24
3525,00;58,22
3524,00;58,23
3523,00;58,28
3522,00;58,33
3521,00;58,35
3520,00;58,38
3519,00;58,41
3518,00;58,45
3517,00;58,48
3516,00;58,48
3515,00;58,47
3514,00;58,45
3513,00;58,43
3512,00;58,40
3511,00;58,38
3510,00;58,38
3509,00;58,39
3508,00;58,37
3507,00;58,33
3506,00;58,28
3505,00;58,26
3504,00;58,27
3503,00;58,29
3502,00;58,31
3501,00;58,31
3500,00;58,31
3499,00;58,32
3498,00;58,35
3497,00;58,37
3496,00;58,40
3495,00;58,42
3494,00;58,42
3493,00;58,42
3492,00;58,42
3491,00;58,41
3490,00;58,40
3489,00;58,39
3488,00;58,39
3487,00;58,38
3486,00;58,37
3485,00;58,35
3484,00;58,33
3483,00;58,32
3482,00;58,33
3481,00;58,34
3480,00;58,34
3479,00;58,35
3478,00;58,35
3477,00;58,36
3476,00;58,38
3475,00;58,39
3474,00;58,40
3473,00;58,39
3472,00;58,38
3471,00;58,37
3470,00;58,36
3469,00;58,35
3468,00;58,35
3467,00;58,36
3466,00;58,36
3465,00;58,35
3464,00;58,34
3463,00;58,33
3462,00;58,33
3461,00;58,33
3460,00;58,34
3459,00;58,34
3458,00;58,35
3457,00;58,36
3456,00;58,37
3455,00;58,37
3454,00;58,37
3453,00;58,37
3452,00;58,36
3451,00;58,34
3450,00;58,30
3449,00;58,27
3448,00;58,25
3447,00;58,25
3446,00;58,25
3445,00;58,24
3444,00;58,23
3443,00;58,25
3442,00;58,28
3441,00;58,30
3440,00;58,30
3439,00;58,30
3438,00;58,30
3437,00;58,31
3436,00;58,32
3435,00;58,32
3434,00;58,32
3433,00;58,32
3432,00;58,31
3431,00;58,31
3430,00;58,30
3429,00;58,30
3428,00;58,30
3427,00;58,31
3426,00;58,31
3425,00;58,29
3424,00;58,28
3423,00;58,26
3422,00;58,24
3421,00;58,24
3420,00;58,25
3419,00;58,25
3418,00;58,25
3417,00;58,25
3416,00;58,26
3415,00;58,27
3414,00;58,27
3413,00;58,27
3412,00;58,28
3411,00;58,28
3410,00;58,28
3409,00;58,28
3408,00;58,27
3407,00;58,27
3406,00;58,27
3405,00;58,26
3404,00;58,25
3403,00;58,24
3402,00;58,24
3401,00;58,23
3400,00;58,23
3399,00;58,23
3398,00;58,23
3397,00;58,23
3396,00;58,22
3395,00;58,20
3394,00;58,19
3393,00;58,20
3392,00;58,21
3391,00;58,22
3390,00;58,22
3389,00;58,23
3388,00;58,23
3387,00;58,23
3386,00;58,22
3385,00;58,22
3384,00;58,22
3383,00;58,21
3382,00;58,21
3381,00;58,22
3380,00;58,22
3379,00;58,22
3378,00;58,22
3377,00;58,22
3376,00;58,22
3375,00;58,23
3374,00;58,23
3373,00;58,22
3372,00;58,22
3371,00;58,21
3370,00;58,20
3369,00;58,20
3368,00;58,19
3367,00;58,19
3366,00;58,20
3365,00;58,20
3364,00;58,20
3363,00;58,19
3362,00;58,19
3361,00;58,19
3360,00;58,20
3359,00;58,20
3358,00;58,20
3357,00;58,20
3356,00;58,21
3355,00;58,21
3354,00;58,21
3353,00;58,21
3352,00;58,21
3351,00;58,22
3350,00;58,22
3349,00;58,23
3348,00;58,23
3347,00;58,23
3346,00;58,23
3345,00;58,23
3344,00;58,22
3343,00;58,22
3342,00;58,22
3341,00;58,22
3340,00;58,21
3339,00;58,21
3338,00;58,21
3337,00;58,21
3336,00;58,22
3335,00;58,22
3334,00;58,23
3333,00;58,23
3332,00;58,23
3331,00;58,24
3330,00;58,24
3329,00;58,23
3328,00;58,23
3327,00;58,23
3326,00;58,24
3325,00;58,24
3324,00;58,25
3323,00;58,26
3322,00;58,26
3321,00;58,27
3320,00;58,27
3319,00;58,27
3318,00;58,28
3317,00;58,28
3316,00;58,28
3315,00;58,27
3314,00;58,27
3313,00;58,27
3312,00;58,26
3311,00;58,26
3310,00;58,26
3309,00;58,26
3308,00;58,27
3307,00;58,28
3306,00;58,29
3305,00;58,30
3304,00;58,31
3303,00;58,31
3302,00;58,32
3301,00;58,32
3300,00;58,31
3299,00;58,31
3298,00;58,31
3297,00;58,31
3296,00;58,31
3295,00;58,31
3294,00;58,31
3293,00;58,31
3292,00;58,32
3291,00;58,32
3290,00;58,32
3289,00;58,33
3288,00;58,33
3287,00;58,33
3286,00;58,34
3285,00;58,34
3284,00;58,34
3283,00;58,34
3282,00;58,34
3281,00;58,34
3280,00;58,34
3279,00;58,34
3278,00;58,34
3277,00;58,33
3276,00;58,33
3275,00;58,33
3274,00;58,33
3273,00;58,34
3272,00;58,34
3271,00;58,35
3270,00;58,36
3269,00;58,37
3268,00;58,38
3267,00;58,38
3266,00;58,39
3265,00;58,39
3264,00;58,38
3263,00;58,38
3262,00;58,38
3261,00;58,38
3260,00;58,38
3259,00;58,38
3258,00;58,38
3257,00;58,37
3256,00;58,37
3255,00;58,38
3254,00;58,38
3253,00;58,39
3252,00;58,40
3251,00;58,40
3250,00;58,40
3249,00;58,40
3248,00;58,39
3247,00;58,39
3246,00;58,39
3245,00;58,39
3244,00;58,39
3243,00;58,39
3242,00;58,39
3241,00;58,40
3240,00;58,40
3239,00;58,40
3238,00;58,40
3237,00;58,40
3236,00;58,39
3235,00;58,39
3234,00;58,40
3233,00;58,40
3232,00;58,40
3231,00;58,40
3230,00;58,40
3229,00;58,39
3228,00;58,39
3227,00;58,39
3226,00;58,39
3225,00;58,39
3224,00;58,39
3223,00;58,39
3222,00;58,38
3221,00;58,38
3220,00;58,38
3219,00;58,37
3218,00;58,37
3217,00;58,37
3216,00;58,36
3215,00;58,36
3214,00;58,37
3213,00;58,37
3212,00;58,37
3211,00;58,36
3210,00;58,36
3209,00;58,37
3208,00;58,37
3207,00;58,37
3206,00;58,37
3205,00;58,37
3204,00;58,37
3203,00;58,37
3202,00;58,37
3201,00;58,36
3200,00;58,35
3199,00;58,34
3198,00;58,33
3197,00;58,33
3196,00;58,33
3195,00;58,33
3194,00;58,33
3193,00;58,33
3192,00;58,33
3191,00;58,33
3190,00;58,33
3189,00;58,33
3188,00;58,32
3187,00;58,31
3186,00;58,31
3185,00;58,31
3184,00;58,30
3183,00;58,30
3182,00;58,30
3181,00;58,29
3180,00;58,28
3179,00;58,28
3178,00;58,27
3177,00;58,27
3176,00;58,27
3175,00;58,27
3174,00;58,27
3173,00;58,27
3172,00;58,27
3171,00;58,26
3170,00;58,25
3169,00;58,25
3168,00;58,24
3167,00;58,24
3166,00;58,24
3165,00;58,24
3164,00;58,23
3163,00;58,23
3162,00;58,23
3161,00;58,22
3160,00;58,22
3159,00;58,21
3158,00;58,21
3157,00;58,20
3156,00;58,20
3155,00;58,19
3154,00;58,19
3153,00;58,18
3152,00;58,18
3151,00;58,19
3150,00;58,18
3149,00;58,18
3148,00;58,17
3147,00;58,16
3146,00;58,16
3145,00;58,15
3144,00;58,15
3143,00;58,14
3142,00;58,14
3141,00;58,13
3140,00;58,13
3139,00;58,13
3138,00;58,13
3137,00;58,13
3136,00;58,12
3135,00;58,10
3134,00;58,09
3133,00;58,09
3132,00;58,09
3131,00;58,08
3130,00;58,08
3129,00;58,07
3128,00;58,07
3127,00;58,07
3126,00;58,06
3125,00;58,05
3124,00;58,04
3123,00;58,04
3122,00;58,04
3121,00;58,03
3120,00;58,03
3119,00;58,02
3118,00;58,02
3117,00;58,02
3116,00;58,02
3115,00;58,02
3114,00;58,02
3113,00;58,02
3112,00;58,02
3111,00;58,02
3110,00;58,02
3109,00;58,01
3108,00;58,02
3107,00;58,02
3106,00;58,01
3105,00;58,01
3104,00;58,00
3103,00;57,99
3102,00;57,98
3101,00;57,98
3100,00;57,98
3099,00;57,98
3098,00;57,97
3097,00;57,97
3096,00;57,97
3095,00;57,98
3094,00;57,98
3093,00;57,98
3092,00;57,98
3091,00;57,98
3090,00;57,98
3089,00;57,98
3088,00;57,98
3087,00;57,98
3086,00;57,97
3085,00;57,97
3084,00;57,96
3083,00;57,96
3082,00;57,95
3081,00;57,95
3080,00;57,95
3079,00;57,95
3078,00;57,95
3077,00;57,96
3076,00;57,96
3075,00;57,96
3074,00;57,96
3073,00;57,96
3072,00;57,96
3071,00;57,95
3070,00;57,95
3069,00;57,94
3068,00;57,93
3067,00;57,93
3066,00;57,92
3065,00;57,92
3064,00;57,92
3063,00;57,92
3062,00;57,92
3061,00;57,92
3060,00;57,92
3059,00;57,92
3058,00;57,91
3057,00;57,91
3056,00;57,91
3055,00;57,92
3054,00;57,92
3053,00;57,91
3052,00;57,91
3051,00;57,91
3050,00;57,91
3049,00;57,91
3048,00;57,91
3047,00;57,90
3046,00;57,90
3045,00;57,90
3044,00;57,90
3043,00;57,91
3042,00;57,91
3041,00;57,91
3040,00;57,90
3039,00;57,90
3038,00;57,89
3037,00;57,88
3036,00;57,87
3035,00;57,86
3034,00;57,86
3033,00;57,85
3032,00;57,85
3031,00;57,85
3030,00;57,85
3029,00;57,85
3028,00;57,85
3027,00;57,85
3026,00;57,86
3025,00;57,86
3024,00;57,86
3023,00;57,86
3022,00;57,86
3021,00;57,85
3020,00;57,84
3019,00;57,84
3018,00;57,83
3017,00;57,83
3016,00;57,83
3015,00;57,83
3014,00;57,82
3013,00;57,82
3012,00;57,82
3011,00;57,82
3010,00;57,82
3009,00;57,82
3008,00;57,82
3007,00;57,81
3006,00;57,81
3005,00;57,81
3004,00;57,81
3003,00;57,81
3002,00;57,81
3001,00;57,80
3000,00;57,80
2999,00;57,80
2998,00;57,80
2997,00;57,80
2996,00;57,79
2995,00;57,79
2994,00;57,79
2993,00;57,78
2992,00;57,79
2991,00;57,79
2990,00;57,79
2989,00;57,78
2988,00;57,78
2987,00;57,78
2986,00;57,77
2985,00;57,77
2984,00;57,76
2983,00;57,76
2982,00;57,75
2981,00;57,75
2980,00;57,75
2979,00;57,75
2978,00;57,74
2977,00;57,74
2976,00;57,73
2975,00;57,72
2974,00;57,72
2973,00;57,72
2972,00;57,71
2971,00;57,71
2970,00;57,70
2969,00;57,69
2968,00;57,69
2967,00;57,69
2966,00;57,68
2965,00;57,68
2964,00;57,68
2963,00;57,67
2962,00;57,67
2961,00;57,67
2960,00;57,66
2959,00;57,66
2958,00;57,65
2957,00;57,64
2956,00;57,63
2955,00;57,62
2954,00;57,61
2953,00;57,60
2952,00;57,60
2951,00;57,59
2950,00;57,58
2949,00;57,58
2948,00;57,57
2947,00;57,57
2946,00;57,56
2945,00;57,56
2944,00;57,56
2943,00;57,56
2942,00;57,56
2941,00;57,56
2940,00;57,55
2939,00;57,55
2938,00;57,55
2937,00;57,55
2936,00;57,55
2935,00;57,55
2934,00;57,55
2933,00;57,54
2932,00;57,54
2931,00;57,54
2930,00;57,54
2929,00;57,53
2928,00;57,53
2927,00;57,52
2926,00;57,51
2925,00;57,49
2924,00;57,48
2923,00;57,46
2922,00;57,44
2921,00;57,41
2920,00;57,39
2919,00;57,36
2918,00;57,34
2917,00;57,33
2916,00;57,31
2915,00;57,31
2914,00;57,30
2913,00;57,29
2912,00;57,29
2911,00;57,29
2910,00;57,29
2909,00;57,29
2908,00;57,29
2907,00;57,29
2906,00;57,29
2905,00;57,30
2904,00;57,30
2903,00;57,31
2902,00;57,32
2901,00;57,33
2900,00;57,34
2899,00;57,34
2898,00;57,35
2897,00;57,36
2896,00;57,37
2895,00;57,37
2894,00;57,38
2893,00;57,38
2892,00;57,38
2891,00;57,39
2890,00;57,39
2889,00;57,39
2888,00;57,39
2887,00;57,39
2886,00;57,39
2885,00;57,39
2884,00;57,40
2883,00;57,40
2882,00;57,40
2881,00;57,40
2880,00;57,40
2879,00;57,40
2878,00;57,39
2877,00;57,39
2876,00;57,39
2875,00;57,40
2874,00;57,40
2873,00;57,41
2872,00;57,41
2871,00;57,41
2870,00;57,41
2869,00;57,41
2868,00;57,41
2867,00;57,41
2866,00;57,40
2865,00;57,40
2864,00;57,40
2863,00;57,40
2862,00;57,40
2861,00;57,40
2860,00;57,40
2859,00;57,40
2858,00;57,40
2857,00;57,40
2856,00;57,40
2855,00;57,40
2854,00;57,40
2853,00;57,39
2852,00;57,39
2851,00;57,38
2850,00;57,38
2849,00;57,37
2848,00;57,37
2847,00;57,37
2846,00;57,37
2845,00;57,36
2844,00;57,36
2843,00;57,36
2842,00;57,35
2841,00;57,35
2840,00;57,35
2839,00;57,36
2838,00;57,36
2837,00;57,37
2836,00;57,37
2835,00;57,37
2834,00;57,37
2833,00;57,38
2832,00;57,38
2831,00;57,39
2830,00;57,39
2829,00;57,40
2828,00;57,40
2827,00;57,40
2826,00;57,41
2825,00;57,41
2824,00;57,42
2823,00;57,42
2822,00;57,42
2821,00;57,42
2820,00;57,43
2819,00;57,43
2818,00;57,43
2817,00;57,43
2816,00;57,43
2815,00;57,43
2814,00;57,43
2813,00;57,43
2812,00;57,43
2811,00;57,43
2810,00;57,43
2809,00;57,43
2808,00;57,44
2807,00;57,44
2806,00;57,43
2805,00;57,43
2804,00;57,44
2803,00;57,44
2802,00;57,44
2801,00;57,44
2800,00;57,44
2799,00;57,44
2798,00;57,44
2797,00;57,44
2796,00;57,44
2795,00;57,44
2794,00;57,44
2793,00;57,44
2792,00;57,44
2791,00;57,44
2790,00;57,44
2789,00;57,44
2788,00;57,44
2787,00;57,44
2786,00;57,44
2785,00;57,44
2784,00;57,44
2783,00;57,44
2782,00;57,44
2781,00;57,44
2780,00;57,44
2779,00;57,44
2778,00;57,44
2777,00;57,44
2776,00;57,44
2775,00;57,44
2774,00;57,44
2773,00;57,44
2772,00;57,44
2771,00;57,44
2770,00;57,44
2769,00;57,44
2768,00;57,44
2767,00;57,44
2766,00;57,44
2765,00;57,44
2764,00;57,44
2763,00;57,44
2762,00;57,44
2761,00;57,44
2760,00;57,44
2759,00;57,44
2758,00;57,44
2757,00;57,44
2756,00;57,44
2755,00;57,44
2754,00;57,44
2753,00;57,44
2752,00;57,44
2751,00;57,44
2750,00;57,44
2749,00;57,44
2748,00;57,45
2747,00;57,45
2746,00;57,45
2745,00;57,45
2744,00;57,45
2743,00;57,45
2742,00;57,45
2741,00;57,45
2740,00;57,44
2739,00;57,44
2738,00;57,44
2737,00;57,44
2736,00;57,44
2735,00;57,44
2734,00;57,45
2733,00;57,45
2732,00;57,45
2731,00;57,45
2730,00;57,45
2729,00;57,45
2728,00;57,45
2727,00;57,45
2726,00;57,45
2725,00;57,45
2724,00;57,45
2723,00;57,45
2722,00;57,45
2721,00;57,45
2720,00;57,45
2719,00;57,45
2718,00;57,46
2717,00;57,46
2716,00;57,46
2715,00;57,46
2714,00;57,46
2713,00;57,46
2712,00;57,46
2711,00;57,46
2710,00;57,46
2709,00;57,46
2708,00;57,46
2707,00;57,46
2706,00;57,46
2705,00;57,46
2704,00;57,46
2703,00;57,46
2702,00;57,46
2701,00;57,46
2700,00;57,46
2699,00;57,47
2698,00;57,47
2697,00;57,47
2696,00;57,46
2695,00;57,46
2694,00;57,47
2693,00;57,47
2692,00;57,47
2691,00;57,47
2690,00;57,47
2689,00;57,47
2688,00;57,47
2687,00;57,47
2686,00;57,47
2685,00;57,47
2684,00;57,47
2683,00;57,47
2682,00;57,47
2681,00;57,47
2680,00;57,47
2679,00;57,48
2678,00;57,48
2677,00;57,48
2676,00;57,48
2675,00;57,48
2674,00;57,48
2673,00;57,48
2672,00;57,48
2671,00;57,48
2670,00;57,48
2669,00;57,48
2668,00;57,47
2667,00;57,47
2666,00;57,47
2665,00;57,47
2664,00;57,46
2663,00;57,46
2662,00;57,45
2661,00;57,45
2660,00;57,44
2659,00;57,44
2658,00;57,45
2657,00;57,45
2656,00;57,46
2655,00;57,46
2654,00;57,47
2653,00;57,48
2652,00;57,48
2651,00;57,49
2650,00;57,50
2649,00;57,51
2648,00;57,52
2647,00;57,53
2646,00;57,54
2645,00;57,54
2644,00;57,55
2643,00;57,56
2642,00;57,57
2641,00;57,58
2640,00;57,59
2639,00;57,60
2638,00;57,61
2637,00;57,62
2636,00;57,63
2635,00;57,64
2634,00;57,65
2633,00;57,66
2632,00;57,67
2631,00;57,67
2630,00;57,68
2629,00;57,69
2628,00;57,70
2627,00;57,70
2626,00;57,71
2625,00;57,72
2624,00;57,73
2623,00;57,74
2622,00;57,74
2621,00;57,75
2620,00;57,76
2619,00;57,77
2618,00;57,77
2617,00;57,78
2616,00;57,79
2615,00;57,79
2614,00;57,80
2613,00;57,80
2612,00;57,81
2611,00;57,82
2610,00;57,82
2609,00;57,83
2608,00;57,83
2607,00;57,84
2606,00;57,84
2605,00;57,85
2604,00;57,85
2603,00;57,86
2602,00;57,86
2601,00;57,87
2600,00;57,87
2599,00;57,88
2598,00;57,88
2597,00;57,89
2596,00;57,89
2595,00;57,90
2594,00;57,90
2593,00;57,90
2592,00;57,91
2591,00;57,91
2590,00;57,92
2589,00;57,92
2588,00;57,92
2587,00;57,93
2586,00;57,93
2585,00;57,93
2584,00;57,94
2583,00;57,94
2582,00;57,95
2581,00;57,95
2580,00;57,96
2579,00;57,96
2578,00;57,96
2577,00;57,96
2576,00;57,97
2575,00;57,97
2574,00;57,97
2573,00;57,98
2572,00;57,98
2571,00;57,98
2570,00;57,98
2569,00;57,98
2568,00;57,98
2567,00;57,99
2566,00;57,99
2565,00;58,00
2564,00;58,00
2563,00;58,00
2562,00;58,00
2561,00;58,01
2560,00;58,01
2559,00;58,01
2558,00;58,01
2557,00;58,02
2556,00;58,02
2555,00;58,02
2554,00;58,02
2553,00;58,02
2552,00;58,03
2551,00;58,03
2550,00;58,03
2549,00;58,03
2548,00;58,03
2547,00;58,03
2546,00;58,03
2545,00;58,03
2544,00;58,04
2543,00;58,04
2542,00;58,04
2541,00;58,04
2540,00;58,04
2539,00;58,05
2538,00;58,05
2537,00;58,05
2536,00;58,05
2535,00;58,05
2534,00;58,05
2533,00;58,05
2532,00;58,05
2531,00;58,05
2530,00;58,05
2529,00;58,05
2528,00;58,06
2527,00;58,06
2526,00;58,06
2525,00;58,06
2524,00;58,07
2523,00;58,07
2522,00;58,07
2521,00;58,07
2520,00;58,07
2519,00;58,07
2518,00;58,07
2517,00;58,07
2516,00;58,07
2515,00;58,07
2514,00;58,07
2513,00;58,07
2512,00;58,07
2511,00;58,08
2510,00;58,08
2509,00;58,08
2508,00;58,08
2507,00;58,08
2506,00;58,08
2505,00;58,08
2504,00;58,07
2503,00;58,07
2502,00;58,08
2501,00;58,08
2500,00;58,08
2499,00;58,09
2498,00;58,09
2497,00;58,09
2496,00;58,09
2495,00;58,08
2494,00;58,08
2493,00;58,08
2492,00;58,09
2491,00;58,09
2490,00;58,09
2489,00;58,09
2488,00;58,10
2487,00;58,10
2486,00;58,10
2485,00;58,10
2484,00;58,10
2483,00;58,10
2482,00;58,10
2481,00;58,10
2480,00;58,11
2479,00;58,11
2478,00;58,11
2477,00;58,11
2476,00;58,11
2475,00;58,11
2474,00;58,11
2473,00;58,11
2472,00;58,11
2471,00;58,11
2470,00;58,11
2469,00;58,11
2468,00;58,11
2467,00;58,11
2466,00;58,11
2465,00;58,11
2464,00;58,11
2463,00;58,11
2462,00;58,11
2461,00;58,10
2460,00;58,10
2459,00;58,10
2458,00;58,10
2457,00;58,10
2456,00;58,10
2455,00;58,10
2454,00;58,10
2453,00;58,10
2452,00;58,10
2451,00;58,10
2450,00;58,10
2449,00;58,11
2448,00;58,11
2447,00;58,12
2446,00;58,12
2445,00;58,12
2444,00;58,12
2443,00;58,12
2442,00;58,12
2441,00;58,13
2440,00;58,13
2439,00;58,13
2438,00;58,14
2437,00;58,14
2436,00;58,15
2435,00;58,15
2434,00;58,15
2433,00;58,16
2432,00;58,16
2431,00;58,16
2430,00;58,16
2429,00;58,16
2428,00;58,16
2427,00;58,16
2426,00;58,16
2425,00;58,16
2424,00;58,16
2423,00;58,17
2422,00;58,17
2421,00;58,17
2420,00;58,17
2419,00;58,17
2418,00;58,17
2417,00;58,17
2416,00;58,17
2415,00;58,17
2414,00;58,17
2413,00;58,17
2412,00;58,17
2411,00;58,17
2410,00;58,17
2409,00;58,17
2408,00;58,18
2407,00;58,18
2406,00;58,19
2405,00;58,20
2404,00;58,20
2403,00;58,20
2402,00;58,19
2401,00;58,19
2400,00;58,19
2399,00;58,19
2398,00;58,19
2397,00;58,19
2396,00;58,19
2395,00;58,19
2394,00;58,18
2393,00;58,18
2392,00;58,18
2391,00;58,18
2390,00;58,17
2389,00;58,17
2388,00;58,17
2387,00;58,17
2386,00;58,17
2385,00;58,16
2384,00;58,15
2383,00;58,14
2382,00;58,13
2381,00;58,11
2380,00;58,10
2379,00;58,07
2378,00;58,05
2377,00;58,04
2376,00;58,03
2375,00;58,04
2374,00;58,05
2373,00;58,07
2372,00;58,09
2371,00;58,11
2370,00;58,12
2369,00;58,12
2368,00;58,11
2367,00;58,10
2366,00;58,09
2365,00;58,08
2364,00;58,07
2363,00;58,06
2362,00;58,04
2361,00;58,04
2360,00;58,05
2359,00;58,07
2358,00;58,09
2357,00;58,11
2356,00;58,15
2355,00;58,20
2354,00;58,24
2353,00;58,29
2352,00;58,31
2351,00;58,25
2350,00;58,13
2349,00;58,06
2348,00;58,06
2347,00;58,09
2346,00;58,07
2345,00;57,96
2344,00;57,81
2343,00;57,70
2342,00;57,73
2341,00;57,84
2340,00;57,93
2339,00;57,99
2338,00;58,04
2337,00;58,09
2336,00;58,10
2335,00;58,11
2334,00;58,11
2333,00;58,14
2332,00;58,18
2331,00;58,20
2330,00;58,20
2329,00;58,19
2328,00;58,18
2327,00;58,14
2326,00;58,09
2325,00;58,04
2324,00;58,03
2323,00;58,04
2322,00;58,09
2321,00;58,15
2320,00;58,20
2319,00;58,24
2318,00;58,28
2317,00;58,31
2316,00;58,33
2315,00;58,34
2314,00;58,34
2313,00;58,33
2312,00;58,32
2311,00;58,30
2310,00;58,29
2309,00;58,28
2308,00;58,28
2307,00;58,28
2306,00;58,27
2305,00;58,26
2304,00;58,25
2303,00;58,25
2302,00;58,24
2301,00;58,23
2300,00;58,21
2299,00;58,20
2298,00;58,19
2297,00;58,18
2296,00;58,17
2295,00;58,16
2294,00;58,15
2293,00;58,13
2292,00;58,12
2291,00;58,11
2290,00;58,11
2289,00;58,10
2288,00;58,10
2287,00;58,09
2286,00;58,09
2285,00;58,09
2284,00;58,10
2283,00;58,12
2282,00;58,13
2281,00;58,15
2280,00;58,15
2279,00;58,16
2278,00;58,16
2277,00;58,16
2276,00;58,17
2275,00;58,17
2274,00;58,18
2273,00;58,19
2272,00;58,20
2271,00;58,20
2270,00;58,20
2269,00;58,21
2268,00;58,22
2267,00;58,23
2266,00;58,25
2265,00;58,26
2264,00;58,26
2263,00;58,26
2262,00;58,26
2261,00;58,26
2260,00;58,26
2259,00;58,26
2258,00;58,26
2257,00;58,26
2256,00;58,28
2255,00;58,30
2254,00;58,31
2253,00;58,32
2252,00;58,33
2251,00;58,33
2250,00;58,33
2249,00;58,32
2248,00;58,32
2247,00;58,32
2246,00;58,32
2245,00;58,32
2244,00;58,32
2243,00;58,32
2242,00;58,32
2241,00;58,33
2240,00;58,34
2239,00;58,34
2238,00;58,34
2237,00;58,34
2236,00;58,34
2235,00;58,34
2234,00;58,34
2233,00;58,35
2232,00;58,35
2231,00;58,35
2230,00;58,35
2229,00;58,35
2228,00;58,35
2227,00;58,36
2226,00;58,36
2225,00;58,36
2224,00;58,37
2223,00;58,37
2222,00;58,38
2221,00;58,38
2220,00;58,39
2219,00;58,39
2218,00;58,39
2217,00;58,39
2216,00;58,39
2215,00;58,38
2214,00;58,39
2213,00;58,39
2212,00;58,39
2211,00;58,40
2210,00;58,40
2209,00;58,41
2208,00;58,40
2207,00;58,40
2206,00;58,40
2205,00;58,40
2204,00;58,40
2203,00;58,40
2202,00;58,40
2201,00;58,41
2200,00;58,41
2199,00;58,41
2198,00;58,41
2197,00;58,40
2196,00;58,40
2195,00;58,40
2194,00;58,40
2193,00;58,39
2192,00;58,38
2191,00;58,37
2190,00;58,36
2189,00;58,36
2188,00;58,36
2187,00;58,35
2186,00;58,35
2185,00;58,36
2184,00;58,38
2183,00;58,41
2182,00;58,46
2181,00;58,50
2180,00;58,52
2179,00;58,49
2178,00;58,46
2177,00;58,45
2176,00;58,47
2175,00;58,49
2174,00;58,51
2173,00;58,50
2172,00;58,47
2171,00;58,43
2170,00;58,40
2169,00;58,37
2168,00;58,34
2167,00;58,32
2166,00;58,30
2165,00;58,28
2164,00;58,25
2163,00;58,21
2162,00;58,18
2161,00;58,22
2160,00;58,38
2159,00;58,63
2158,00;58,90
2157,00;59,07
2156,00;59,12
2155,00;59,08
2154,00;59,01
2153,00;58,95
2152,00;58,90
2151,00;58,86
2150,00;58,84
2149,00;58,83
2148,00;58,83
2147,00;58,83
2146,00;58,84
2145,00;58,84
2144,00;58,84
2143,00;58,83
2142,00;58,82
2141,00;58,81
2140,00;58,80
2139,00;58,80
2138,00;58,80
2137,00;58,82
2136,00;58,86
2135,00;58,90
2134,00;58,94
2133,00;58,97
2132,00;58,96
2131,00;58,93
2130,00;58,90
2129,00;58,86
2128,00;58,83
2127,00;58,80
2126,00;58,77
2125,00;58,75
2124,00;58,73
2123,00;58,72
2122,00;58,70
2121,00;58,69
2120,00;58,69
2119,00;58,68
2118,00;58,67
2117,00;58,65
2116,00;58,62
2115,00;58,60
2114,00;58,58
2113,00;58,58
2112,00;58,58
2111,00;58,58
2110,00;58,58
2109,00;58,59
2108,00;58,59
2107,00;58,60
2106,00;58,60
2105,00;58,61
2104,00;58,61
2103,00;58,61
2102,00;58,61
2101,00;58,61
2100,00;58,61
2099,00;58,61
2098,00;58,62
2097,00;58,65
2096,00;58,68
2095,00;58,71
2094,00;58,73
2093,00;58,74
2092,00;58,72
2091,00;58,69
2090,00;58,67
2089,00;58,65
2088,00;58,64
2087,00;58,63
2086,00;58,63
2085,00;58,63
2084,00;58,62
2083,00;58,61
2082,00;58,61
2081,00;58,61
2080,00;58,61
2079,00;58,61
2078,00;58,61
2077,00;58,61
2076,00;58,61
2075,00;58,61
2074,00;58,61
2073,00;58,62
2072,00;58,63
2071,00;58,64
2070,00;58,65
2069,00;58,65
2068,00;58,66
2067,00;58,66
2066,00;58,67
2065,00;58,68
2064,00;58,69
2063,00;58,69
2062,00;58,69
2061,00;58,69
2060,00;58,68
2059,00;58,67
2058,00;58,66
2057,00;58,66
2056,00;58,66
2055,00;58,66
2054,00;58,66
2053,00;58,62
2052,00;58,54
2051,00;58,45
2050,00;58,42
2049,00;58,47
2048,00;58,55
2047,00;58,60
2046,00;58,62
2045,00;58,63
2044,00;58,64
2043,00;58,64
2042,00;58,64
2041,00;58,66
2040,00;58,67
2039,00;58,67
2038,00;58,67
2037,00;58,67
2036,00;58,68
2035,00;58,70
2034,00;58,74
2033,00;58,79
2032,00;58,83
2031,00;58,86
2030,00;58,86
2029,00;58,87
2028,00;58,87
2027,00;58,87
2026,00;58,87
2025,00;58,89
2024,00;58,90
2023,00;58,91
2022,00;58,90
2021,00;58,90
2020,00;58,89
2019,00;58,88
2018,00;58,88
2017,00;58,89
2016,00;58,90
2015,00;58,90
2014,00;58,90
2013,00;58,91
2012,00;58,91
2011,00;58,89
2010,00;58,89
2009,00;58,91
2008,00;58,96
2007,00;59,03
2006,00;59,10
2005,00;59,13
2004,00;59,13
2003,00;59,10
2002,00;59,07
2001,00;59,05
2000,00;59,02
1999,00;58,99
1998,00;58,97
1997,00;58,95
1996,00;58,94
1995,00;58,93
1994,00;58,92
1993,00;58,92
1992,00;58,91
1991,00;58,89
1990,00;58,89
1989,00;58,89
1988,00;58,89
1987,00;58,88
1986,00;58,87
1985,00;58,86
1984,00;58,84
1983,00;58,81
1982,00;58,76
1981,00;58,71
1980,00;58,68
1979,00;58,71
1978,00;58,82
1977,00;58,96
1976,00;59,07
1975,00;59,13
1974,00;59,15
1973,00;59,17
1972,00;59,18
1971,00;59,18
1970,00;59,17
1969,00;59,17
1968,00;59,18
1967,00;59,18
1966,00;59,19
1965,00;59,20
1964,00;59,20
1963,00;59,21
1962,00;59,23
1961,00;59,27
1960,00;59,31
1959,00;59,34
1958,00;59,35
1957,00;59,34
1956,00;59,32
1955,00;59,28
1954,00;59,27
1953,00;59,26
1952,00;59,26
1951,00;59,25
1950,00;59,25
1949,00;59,24
1948,00;59,24
1947,00;59,24
1946,00;59,24
1945,00;59,24
1944,00;59,25
1943,00;59,26
1942,00;59,27
1941,00;59,28
1940,00;59,28
1939,00;59,28
1938,00;59,29
1937,00;59,29
1936,00;59,29
1935,00;59,28
1934,00;59,28
1933,00;59,28
1932,00;59,29
1931,00;59,29
1930,00;59,29
1929,00;59,30
1928,00;59,29
1927,00;59,28
1926,00;59,28
1925,00;59,28
1924,00;59,28
1923,00;59,27
1922,00;59,26
1921,00;59,26
1920,00;59,27
1919,00;59,27
1918,00;59,28
1917,00;59,29
1916,00;59,29
1915,00;59,29
1914,00;59,29
1913,00;59,29
1912,00;59,28
1911,00;59,26
1910,00;59,26
1909,00;59,27
1908,00;59,28
1907,00;59,28
1906,00;59,28
1905,00;59,29
1904,00;59,29
1903,00;59,28
1902,00;59,29
1901,00;59,30
1900,00;59,30
1899,00;59,29
1898,00;59,28
1897,00;59,28
1896,00;59,29
1895,00;59,29
1894,00;59,29
1893,00;59,30
1892,00;59,30
1891,00;59,30
1890,00;59,31
1889,00;59,32
1888,00;59,32
1887,00;59,32
1886,00;59,32
1885,00;59,33
1884,00;59,33
1883,00;59,33
1882,00;59,33
1881,00;59,34
1880,00;59,34
1879,00;59,34
1878,00;59,34
1877,00;59,35
1876,00;59,35
1875,00;59,34
1874,00;59,33
1873,00;59,33
1872,00;59,32
1871,00;59,32
1870,00;59,31
1869,00;59,32
1868,00;59,34
1867,00;59,34
1866,00;59,36
1865,00;59,37
1864,00;59,38
1863,00;59,37
1862,00;59,37
1861,00;59,37
1860,00;59,38
1859,00;59,38
1858,00;59,38
1857,00;59,39
1856,00;59,39
1855,00;59,39
1854,00;59,38
1853,00;59,39
1852,00;59,38
1851,00;59,38
1850,00;59,37
1849,00;59,37
1848,00;59,36
1847,00;59,37
1846,00;59,40
1845,00;59,43
1844,00;59,43
1843,00;59,41
1842,00;59,39
1841,00;59,40
1840,00;59,42
1839,00;59,41
1838,00;59,40
1837,00;59,41
1836,00;59,41
1835,00;59,41
1834,00;59,40
1833,00;59,39
1832,00;59,39
1831,00;59,38
1830,00;59,38
1829,00;59,37
1828,00;59,38
1827,00;59,39
1826,00;59,41
1825,00;59,42
1824,00;59,42
1823,00;59,41
1822,00;59,41
1821,00;59,42
1820,00;59,43
1819,00;59,45
1818,00;59,47
1817,00;59,50
1816,00;59,50
1815,00;59,47
1814,00;59,43
1813,00;59,40
1812,00;59,39
1811,00;59,38
1810,00;59,38
1809,00;59,38
1808,00;59,39
1807,00;59,39
1806,00;59,37
1805,00;59,37
1804,00;59,36
1803,00;59,35
1802,00;59,35
1801,00;59,36
1800,00;59,37
1799,00;59,36
1798,00;59,34
1797,00;59,34
1796,00;59,34
1795,00;59,34
1794,00;59,35
1793,00;59,36
1792,00;59,38
1791,00;59,38
1790,00;59,37
1789,00;59,38
1788,00;59,39
1787,00;59,39
1786,00;59,39
1785,00;59,40
1784,00;59,39
1783,00;59,38
1782,00;59,36
1781,00;59,36
1780,00;59,37
1779,00;59,37
1778,00;59,37
1777,00;59,36
1776,00;59,36
1775,00;59,36
1774,00;59,36
1773,00;59,34
1772,00;59,32
1771,00;59,32
1770,00;59,34
1769,00;59,39
1768,00;59,41
1767,00;59,40
1766,00;59,37
1765,00;59,35
1764,00;59,36
1763,00;59,36
1762,00;59,36
1761,00;59,34
1760,00;59,33
1759,00;59,33
1758,00;59,35
1757,00;59,35
1756,00;59,33
1755,00;59,32
1754,00;59,32
1753,00;59,31
1752,00;59,29
1751,00;59,27
1750,00;59,25
1749,00;59,24
1748,00;59,24
1747,00;59,26
1746,00;59,26
1745,00;59,25
1744,00;59,24
1743,00;59,26
1742,00;59,27
1741,00;59,28
1740,00;59,28
1739,00;59,25
1738,00;59,24
1737,00;59,26
1736,00;59,29
1735,00;59,30
1734,00;59,29
1733,00;59,24
1732,00;59,19
1731,00;59,21
1730,00;59,24
1729,00;59,26
1728,00;59,26
1727,00;59,25
1726,00;59,23
1725,00;59,21
1724,00;59,20
1723,00;59,19
1722,00;59,17
1721,00;59,18
1720,00;59,18
1719,00;59,15
1718,00;59,12
1717,00;59,12
1716,00;59,12
1715,00;59,11
1714,00;59,13
1713,00;59,15
1712,00;59,15
1711,00;59,13
1710,00;59,10
1709,00;59,08
1708,00;59,06
1707,00;59,04
1706,00;59,03
1705,00;59,02
1704,00;59,03
1703,00;59,08
1702,00;59,11
1701,00;59,12
1700,00;59,09
1699,00;59,00
1698,00;58,99
1697,00;59,07
1696,00;59,10
1695,00;59,04
1694,00;58,96
1693,00;58,96
1692,00;58,98
1691,00;58,97
1690,00;58,93
1689,00;58,92
1688,00;58,94
1687,00;58,96
1686,00;58,94
1685,00;58,90
1684,00;58,89
1683,00;58,88
1682,00;58,89
1681,00;58,93
1680,00;58,94
1679,00;58,95
1678,00;58,98
1677,00;59,00
1676,00;58,99
1675,00;58,98
1674,00;58,95
1673,00;58,92
1672,00;58,91
1671,00;58,90
1670,00;58,93
1669,00;58,96
1668,00;58,96
1667,00;58,96
1666,00;58,96
1665,00;58,96
1664,00;58,93
1663,00;58,92
1662,00;58,93
1661,00;58,93
1660,00;58,92
1659,00;58,91
1658,00;58,89
1657,00;58,86
1656,00;58,86
1655,00;58,84
1654,00;58,86
1653,00;58,92
1652,00;58,80
1651,00;58,65
1650,00;58,66
1649,00;58,69
1648,00;58,68
1647,00;58,71
1646,00;58,76
1645,00;58,75
1644,00;58,71
1643,00;58,69
1642,00;58,68
1641,00;58,65
1640,00;58,61
1639,00;58,57
1638,00;58,55
1637,00;58,55
1636,00;58,58
1635,00;58,62
1634,00;58,59
1633,00;58,57
1632,00;58,56
1631,00;58,55
1630,00;58,53
1629,00;58,51
1628,00;58,50
1627,00;58,49
1626,00;58,50
1625,00;58,50
1624,00;58,48
1623,00;58,48
1622,00;58,49
1621,00;58,49
1620,00;58,50
1619,00;58,50
1618,00;58,51
1617,00;58,51
1616,00;58,49
1615,00;58,46
1614,00;58,48
1613,00;58,51
1612,00;58,51
1611,00;58,50
1610,00;58,50
1609,00;58,52
1608,00;58,52
1607,00;58,53
1606,00;58,55
1605,00;58,55
1604,00;58,55
1603,00;58,55
1602,00;58,57
1601,00;58,58
1600,00;58,59
1599,00;58,59
1598,00;58,60
1597,00;58,60
1596,00;58,59
1595,00;58,60
1594,00;58,62
1593,00;58,63
1592,00;58,64
1591,00;58,65
1590,00;58,66
1589,00;58,67
1588,00;58,68
1587,00;58,68
1586,00;58,70
1585,00;58,71
1584,00;58,70
1583,00;58,71
1582,00;58,72
1581,00;58,72
1580,00;58,70
1579,00;58,71
1578,00;58,73
1577,00;58,73
1576,00;58,72
1575,00;58,70
1574,00;58,71
1573,00;58,75
1572,00;58,77
1571,00;58,76
1570,00;58,77
1569,00;58,78
1568,00;58,78
1567,00;58,80
1566,00;58,82
1565,00;58,81
1564,00;58,80
1563,00;58,84
1562,00;58,88
1561,00;58,84
1560,00;58,73
1559,00;58,79
1558,00;58,90
1557,00;58,88
1556,00;58,89
1555,00;58,93
1554,00;58,94
1553,00;58,92
1552,00;58,91
1551,00;58,92
1550,00;58,94
1549,00;58,96
1548,00;58,97
1547,00;58,97
1546,00;58,94
1545,00;58,91
1544,00;58,91
1543,00;58,92
1542,00;58,92
1541,00;58,93
1540,00;58,98
1539,00;58,99
1538,00;58,94
1537,00;58,95
1536,00;59,00
1535,00;59,02
1534,00;59,02
1533,00;59,04
1532,00;59,06
1531,00;59,07
1530,00;59,06
1529,00;59,06
1528,00;59,06
1527,00;59,06
1526,00;59,06
1525,00;59,07
1524,00;59,07
1523,00;59,08
1522,00;59,09
1521,00;59,10
1520,00;59,10
1519,00;59,09
1518,00;59,09
1517,00;59,11
1516,00;59,15
1515,00;59,18
1514,00;59,20
1513,00;59,19
1512,00;59,17
1511,00;59,14
1510,00;59,11
1509,00;59,09
1508,00;59,10
1507,00;59,20
1506,00;59,29
1505,00;59,23
1504,00;59,18
1503,00;59,19
1502,00;59,21
1501,00;59,21
1500,00;59,22
1499,00;59,24
1498,00;59,25
1497,00;59,27
1496,00;59,28
1495,00;59,25
1494,00;59,23
1493,00;59,23
1492,00;59,22
1491,00;59,18
1490,00;59,17
1489,00;59,21
1488,00;59,25
1487,00;59,26
1486,00;59,26
1485,00;59,26
1484,00;59,25
1483,00;59,23
1482,00;59,22
1481,00;59,21
1480,00;59,21
1479,00;59,20
1478,00;59,18
1477,00;59,16
1476,00;59,15
1475,00;59,14
1474,00;59,13
1473,00;59,13
1472,00;59,13
1471,00;59,11
1470,00;59,08
1469,00;59,05
1468,00;59,03
1467,00;58,99
1466,00;58,95
1465,00;58,93
1464,00;58,92
1463,00;58,89
1462,00;58,85
1461,00;58,81
1460,00;58,78
1459,00;58,75
1458,00;58,76
1457,00;58,80
1456,00;58,81
1455,00;58,76
1454,00;58,74
1453,00;58,73
1452,00;58,72
1451,00;58,70
1450,00;58,67
1449,00;58,65
1448,00;58,64
1447,00;58,64
1446,00;58,64
1445,00;58,62
1444,00;58,61
1443,00;58,59
1442,00;58,57
1441,00;58,55
1440,00;58,55
1439,00;58,56
1438,00;58,56
1437,00;58,56
1436,00;58,57
1435,00;58,56
1434,00;58,54
1433,00;58,51
1432,00;58,50
1431,00;58,49
1430,00;58,50
1429,00;58,51
1428,00;58,52
1427,00;58,52
1426,00;58,51
1425,00;58,48
1424,00;58,48
1423,00;58,53
1422,00;58,56
1421,00;58,57
1420,00;58,56
1419,00;58,58
1418,00;58,61
1417,00;58,63
1416,00;58,66
1415,00;58,68
1414,00;58,68
1413,00;58,67
1412,00;58,68
1411,00;58,71
1410,00;58,74
1409,00;58,75
1408,00;58,76
1407,00;58,77
1406,00;58,79
1405,00;58,81
1404,00;58,84
1403,00;58,87
1402,00;58,89
1401,00;58,88
1400,00;58,88
1399,00;58,89
1398,00;58,92
1397,00;58,95
1396,00;58,98
1395,00;59,02
1394,00;59,05
1393,00;59,05
1392,00;59,05
1391,00;59,06
1390,00;59,06
1389,00;59,06
1388,00;59,06
1387,00;59,08
1386,00;59,10
1385,00;59,11
1384,00;59,12
1383,00;59,12
1382,00;59,11
1381,00;59,11
1380,00;59,10
1379,00;59,10
1378,00;59,10
1377,00;59,09
1376,00;59,08
1375,00;59,08
1374,00;59,11
1373,00;59,14
1372,00;59,16
1371,00;59,17
1370,00;59,18
1369,00;59,18
1368,00;59,19
1367,00;59,20
1366,00;59,20
1365,00;59,19
1364,00;59,19
1363,00;59,20
1362,00;59,23
1361,00;59,25
1360,00;59,26
1359,00;59,27
1358,00;59,26
1357,00;59,27
1356,00;59,27
1355,00;59,28
1354,00;59,30
1353,00;59,31
1352,00;59,32
1351,00;59,33
1350,00;59,34
1349,00;59,35
1348,00;59,37
1347,00;59,39
1346,00;59,40
1345,00;59,41
1344,00;59,41
1343,00;59,41
1342,00;59,41
1341,00;59,41
1340,00;59,42
1339,00;59,45
1338,00;59,48
1337,00;59,51
1336,00;59,52
1335,00;59,53
1334,00;59,54
1333,00;59,55
1332,00;59,56
1331,00;59,57
1330,00;59,58
1329,00;59,59
1328,00;59,60
1327,00;59,61
1326,00;59,62
1325,00;59,62
1324,00;59,63
1323,00;59,64
1322,00;59,64
1321,00;59,64
1320,00;59,64
1319,00;59,65
1318,00;59,66
1317,00;59,68
1316,00;59,68
1315,00;59,69
1314,00;59,70
1313,00;59,71
1312,00;59,72
1311,00;59,74
1310,00;59,75
1309,00;59,75
1308,00;59,76
1307,00;59,77
1306,00;59,78
1305,00;59,79
1304,00;59,79
1303,00;59,80
1302,00;59,81
1301,00;59,81
1300,00;59,82
1299,00;59,82
1298,00;59,83
1297,00;59,83
1296,00;59,84
1295,00;59,85
1294,00;59,85
1293,00;59,85
1292,00;59,86
1291,00;59,86
1290,00;59,87
1289,00;59,87
1288,00;59,87
1287,00;59,87
1286,00;59,87
1285,00;59,87
1284,00;59,87
1283,00;59,87
1282,00;59,87
1281,00;59,86
1280,00;59,86
1279,00;59,85
1278,00;59,85
1277,00;59,84
1276,00;59,83
1275,00;59,81
1274,00;59,80
1273,00;59,78
1272,00;59,76
1271,00;59,74
1270,00;59,71
1269,00;59,68
1268,00;59,65
1267,00;59,61
1266,00;59,58
1265,00;59,54
1264,00;59,51
1263,00;59,48
1262,00;59,45
1261,00;59,43
1260,00;59,42
1259,00;59,42
1258,00;59,41
1257,00;59,39
1256,00;59,37
1255,00;59,35
1254,00;59,33
1253,00;59,31
1252,00;59,27
1251,00;59,24
1250,00;59,21
1249,00;59,17
1248,00;59,14
1247,00;59,10
1246,00;59,06
1245,00;59,01
1244,00;58,97
1243,00;58,93
1242,00;58,88
1241,00;58,84
1240,00;58,79
1239,00;58,75
1238,00;58,70
1237,00;58,65
1236,00;58,61
1235,00;58,56
1234,00;58,52
1233,00;58,48
1232,00;58,43
1231,00;58,39
1230,00;58,34
1229,00;58,30
1228,00;58,25
1227,00;58,21
1226,00;58,17
1225,00;58,13
1224,00;58,08
1223,00;58,04
1222,00;58,00
1221,00;57,96
1220,00;57,92
1219,00;57,89
1218,00;57,85
1217,00;57,81
1216,00;57,77
1215,00;57,74
1214,00;57,70
1213,00;57,66
1212,00;57,63
1211,00;57,60
1210,00;57,56
1209,00;57,53
1208,00;57,49
1207,00;57,46
1206,00;57,43
1205,00;57,40
1204,00;57,36
1203,00;57,34
1202,00;57,31
1201,00;57,28
1200,00;57,25
1199,00;57,22
1198,00;57,19
1197,00;57,16
1196,00;57,13
1195,00;57,11
1194,00;57,08
1193,00;57,05
1192,00;57,02
1191,00;57,00
1190,00;56,97
1189,00;56,94
1188,00;56,92
1187,00;56,89
1186,00;56,87
1185,00;56,84
1184,00;56,80
1183,00;56,77
1182,00;56,74
1181,00;56,71
1180,00;56,67
1179,00;56,64
1178,00;56,61
1177,00;56,57
1176,00;56,53
1175,00;56,49
1174,00;56,46
1173,00;56,42
1172,00;56,37
1171,00;56,33
1170,00;56,29
1169,00;56,25
1168,00;56,21
1167,00;56,18
1166,00;56,14
1165,00;56,11
1164,00;56,08
1163,00;56,05
1162,00;56,02
1161,00;55,99
1160,00;55,96
1159,00;55,93
1158,00;55,90
1157,00;55,86
1156,00;55,83
1155,00;55,80
1154,00;55,77
1153,00;55,73
1152,00;55,69
1151,00;55,66
1150,00;55,62
1149,00;55,59
1148,00;55,56
1147,00;55,52
1146,00;55,49
1145,00;55,46
1144,00;55,43
1143,00;55,40
1142,00;55,38
1141,00;55,35
1140,00;55,32
1139,00;55,29
1138,00;55,27
1137,00;55,24
1136,00;55,22
1135,00;55,19
1134,00;55,17
1133,00;55,15
1132,00;55,12
1131,00;55,09
1130,00;55,07
1129,00;55,05
1128,00;55,03
1127,00;55,01
1126,00;55,00
1125,00;54,98
1124,00;54,97
1123,00;54,95
1122,00;54,94
1121,00;54,93
1120,00;54,92
1119,00;54,91
1118,00;54,91
1117,00;54,91
1116,00;54,90
1115,00;54,90
1114,00;54,90
1113,00;54,90
1112,00;54,90
1111,00;54,90
1110,00;54,91
1109,00;54,92
1108,00;54,93
1107,00;54,94
1106,00;54,96
1105,00;54,98
1104,00;55,00
1103,00;55,02
1102,00;55,04
1101,00;55,06
1100,00;55,08
1099,00;55,10
1098,00;55,13
1097,00;55,15
1096,00;55,17
1095,00;55,20
1094,00;55,22
1093,00;55,25
1092,00;55,27
1091,00;55,30
1090,00;55,33
1089,00;55,35
1088,00;55,37
1087,00;55,40
1086,00;55,43
1085,00;55,45
1084,00;55,47
1083,00;55,49
1082,00;55,51
1081,00;55,53
1080,00;55,55
1079,00;55,57
1078,00;55,60
1077,00;55,62
1076,00;55,64
1075,00;55,66
1074,00;55,67
1073,00;55,69
1072,00;55,70
1071,00;55,72
1070,00;55,74
1069,00;55,75
1068,00;55,76
1067,00;55,78
1066,00;55,79
1065,00;55,80
1064,00;55,81
1063,00;55,82
1062,00;55,84
1061,00;55,85
1060,00;55,87
1059,00;55,90
1058,00;55,93
1057,00;55,96
1056,00;55,99
1055,00;56,02
1054,00;56,05
1053,00;56,07
1052,00;56,10
1051,00;56,13
1050,00;56,16
1049,00;56,19
1048,00;56,22
1047,00;56,25
1046,00;56,29
1045,00;56,32
1044,00;56,36
1043,00;56,40
1042,00;56,45
1041,00;56,49
1040,00;56,53
1039,00;56,58
1038,00;56,63
1037,00;56,67
1036,00;56,71
1035,00;56,75
1034,00;56,80
1033,00;56,84
1032,00;56,89
1031,00;56,94
1030,00;56,99
1029,00;57,04
1028,00;57,09
1027,00;57,14
1026,00;57,18
1025,00;57,22
1024,00;57,26
1023,00;57,29
1022,00;57,33
1021,00;57,36
1020,00;57,38
1019,00;57,42
1018,00;57,45
1017,00;57,48
1016,00;57,51
1015,00;57,54
1014,00;57,56
1013,00;57,58
1012,00;57,60
1011,00;57,62
1010,00;57,63
1009,00;57,64
1008,00;57,64
1007,00;57,66
1006,00;57,67
1005,00;57,68
1004,00;57,69
1003,00;57,70
1002,00;57,71
1001,00;57,72
1000,00;57,73
999,00;57,73
998,00;57,73
997,00;57,73
996,00;57,73
995,00;57,73
994,00;57,73
993,00;57,73
992,00;57,72
991,00;57,70
990,00;57,69
989,00;57,67
988,00;57,64
987,00;57,62
986,00;57,59
985,00;57,56
984,00;57,52
983,00;57,50
982,00;57,47
981,00;57,45
980,00;57,42
979,00;57,41
978,00;57,39
977,00;57,38
976,00;57,38
975,00;57,38
974,00;57,38
973,00;57,38
972,00;57,38
971,00;57,38
970,00;57,39
969,00;57,39
968,00;57,40
967,00;57,41
966,00;57,41
965,00;57,41
964,00;57,41
963,00;57,40
962,00;57,39
961,00;57,38
960,00;57,37
959,00;57,35
958,00;57,34
957,00;57,34
956,00;57,35
955,00;57,36
954,00;57,37
953,00;57,39
952,00;57,40
951,00;57,42
950,00;57,43
949,00;57,45
948,00;57,47
947,00;57,49
946,00;57,52
945,00;57,54
944,00;57,57
943,00;57,60
942,00;57,62
941,00;57,65
940,00;57,68
939,00;57,71
938,00;57,74
937,00;57,78
936,00;57,81
935,00;57,85
934,00;57,89
933,00;57,93
932,00;57,97
931,00;58,00
930,00;58,04
929,00;58,07
928,00;58,11
927,00;58,14
926,00;58,17
925,00;58,20
924,00;58,22
923,00;58,25
922,00;58,27
921,00;58,29
920,00;58,30
919,00;58,32
918,00;58,33
917,00;58,35
916,00;58,36
915,00;58,38
914,00;58,41
913,00;58,42
912,00;58,44
911,00;58,46
910,00;58,48
909,00;58,49
908,00;58,51
907,00;58,53
906,00;58,55
905,00;58,57
904,00;58,59
903,00;58,61
902,00;58,63
901,00;58,65
900,00;58,67
899,00;58,70
898,00;58,72
897,00;58,74
896,00;58,76
895,00;58,78
894,00;58,80
893,00;58,82
892,00;58,84
891,00;58,86
890,00;58,88
889,00;58,89
888,00;58,90
887,00;58,91
886,00;58,92
885,00;58,93
884,00;58,94
883,00;58,95
882,00;58,96
881,00;58,96
880,00;58,97
879,00;58,98
878,00;58,99
877,00;59,00
876,00;59,01
875,00;59,03
874,00;59,04
873,00;59,06
872,00;59,07
871,00;59,08
870,00;59,09
869,00;59,10
868,00;59,11
867,00;59,13
866,00;59,14
865,00;59,15
864,00;59,17
863,00;59,18
862,00;59,20
861,00;59,21
860,00;59,22
859,00;59,23
858,00;59,25
857,00;59,27
856,00;59,28
855,00;59,29
854,00;59,29
853,00;59,30
852,00;59,30
851,00;59,31
850,00;59,31
849,00;59,32
848,00;59,32
847,00;59,33
846,00;59,33
845,00;59,33
844,00;59,34
843,00;59,34
842,00;59,34
841,00;59,34
840,00;59,34
839,00;59,34
838,00;59,34
837,00;59,33
836,00;59,33
835,00;59,32
834,00;59,32
833,00;59,31
832,00;59,30
831,00;59,29
830,00;59,28
829,00;59,26
828,00;59,25
827,00;59,23
826,00;59,20
825,00;59,16
824,00;59,13
823,00;59,10
822,00;59,08
821,00;59,06
820,00;59,04
819,00;59,02
818,00;58,99
817,00;58,97
816,00;58,94
815,00;58,91
814,00;58,87
813,00;58,84
812,00;58,80
811,00;58,77
810,00;58,73
809,00;58,69
808,00;58,65
807,00;58,62
806,00;58,58
805,00;58,54
804,00;58,50
803,00;58,47
802,00;58,44
801,00;58,41
800,00;58,37
799,00;58,34
798,00;58,29
797,00;58,25
796,00;58,21
795,00;58,16
794,00;58,12
793,00;58,08
792,00;58,03
791,00;57,97
790,00;57,92
789,00;57,86
788,00;57,79
787,00;57,73
786,00;57,67
785,00;57,60
784,00;57,53
783,00;57,45
782,00;57,38
781,00;57,30
780,00;57,22
779,00;57,15
778,00;57,08
777,00;57,03
776,00;56,98
775,00;56,94
774,00;56,89
773,00;56,83
772,00;56,77
771,00;56,71
770,00;56,66
769,00;56,60
768,00;56,54
767,00;56,47
766,00;56,41
765,00;56,35
764,00;56,29
763,00;56,23
762,00;56,17
761,00;56,11
760,00;56,05
759,00;56,00
758,00;55,96
757,00;55,91
756,00;55,86
755,00;55,81
754,00;55,76
753,00;55,71
752,00;55,66
751,00;55,62
750,00;55,57
749,00;55,54
748,00;55,50
747,00;55,45
746,00;55,41
745,00;55,37
744,00;55,33
743,00;55,29
742,00;55,25
741,00;55,22
740,00;55,18
739,00;55,15
738,00;55,11
737,00;55,06
736,00;55,02
735,00;54,98
734,00;54,95
733,00;54,91
732,00;54,87
731,00;54,84
730,00;54,80
729,00;54,76
728,00;54,72
727,00;54,68
726,00;54,64
725,00;54,60
724,00;54,56
723,00;54,52
722,00;54,49
721,00;54,45
720,00;54,41
719,00;54,38
718,00;54,36
717,00;54,33
716,00;54,30
715,00;54,26
714,00;54,23
713,00;54,20
712,00;54,18
711,00;54,15
710,00;54,12
709,00;54,09
708,00;54,05
707,00;54,01
706,00;53,97
705,00;53,95
704,00;53,91
703,00;53,88
702,00;53,84
701,00;53,81
700,00;53,77
699,00;53,74
698,00;53,72
697,00;53,69
696,00;53,66
695,00;53,63
694,00;53,60
693,00;53,57
692,00;53,53
691,00;53,48
690,00;53,44
689,00;53,40
688,00;53,36
687,00;53,32
686,00;53,28
685,00;53,23
684,00;53,18
683,00;53,12
682,00;53,07
681,00;53,01
680,00;52,95
679,00;52,89
678,00;52,83
677,00;52,78
676,00;52,72
675,00;52,67
674,00;52,60
673,00;52,54
672,00;52,47
671,00;52,40
670,00;52,38
669,00;52,47
668,00;52,65
667,00;52,82
666,00;52,79
665,00;52,53
664,00;52,24
663,00;52,06
662,00;51,96
661,00;51,90
660,00;51,84
659,00;51,79
658,00;51,75
657,00;51,70
656,00;51,64
655,00;51,60
654,00;51,57
653,00;51,53
652,00;51,49
651,00;51,43
650,00;51,38
649,00;51,33
648,00;51,28
647,00;51,24
646,00;51,20
645,00;51,13
644,00;51,05
643,00;50,98
642,00;50,92
641,00;50,87
640,00;50,81
639,00;50,76
638,00;50,72
637,00;50,66
636,00;50,59
635,00;50,51
634,00;50,44
633,00;50,35
632,00;50,26
631,00;50,18
630,00;50,12
629,00;50,04
628,00;49,95
627,00;49,87
626,00;49,81
625,00;49,77
624,00;49,72
623,00;49,66
622,00;49,59
621,00;49,53
620,00;49,46
619,00;49,39
618,00;49,33
617,00;49,27
616,00;49,20
615,00;49,15
614,00;49,10
613,00;49,05
612,00;49,00
611,00;48,95
610,00;48,91
609,00;48,86
608,00;48,80
607,00;48,74
606,00;48,69
605,00;48,63
604,00;48,55
603,00;48,48
602,00;48,43
601,00;48,38
600,00;48,32
599,00;48,25
598,00;48,18
597,00;48,12
596,00;48,05
595,00;47,98
594,00;47,92
593,00;47,86
592,00;47,80
591,00;47,75
590,00;47,73
589,00;47,71
588,00;47,67
587,00;47,65
586,00;47,66
585,00;47,67
584,00;47,67
583,00;47,66
582,00;47,64
581,00;47,60
580,00;47,53
579,00;47,51
578,00;47,53
577,00;47,55
576,00;47,54
575,00;47,53
574,00;47,52
573,00;47,50
572,00;47,48
571,00;47,51
570,00;47,58
569,00;47,65
568,00;47,68
567,00;47,70
566,00;47,74
565,00;47,78
564,00;47,79
563,00;47,81
562,00;47,86
561,00;47,90
560,00;47,93
559,00;47,98
558,00;48,04
557,00;48,07
556,00;48,08
555,00;48,10
554,00;48,19
553,00;48,28
552,00;48,33
551,00;48,35
550,00;48,37
549,00;48,38
548,00;48,38
547,00;48,40
546,00;48,44
545,00;48,45
544,00;48,44
543,00;48,44
542,00;48,47
541,00;48,44
540,00;48,33
539,00;48,20
538,00;48,12
537,00;48,05
536,00;47,95
535,00;47,83
534,00;47,75
533,00;47,67
532,00;47,59
531,00;47,51
530,00;47,43
529,00;47,28
528,00;47,08
527,00;46,95
526,00;46,93
525,00;46,90
524,00;46,74
523,00;46,55
522,00;46,43
521,00;46,31
520,00;46,11
519,00;45,91
518,00;45,80
517,00;45,71
516,00;45,49
515,00;45,22
514,00;45,00
513,00;44,75
512,00;44,38
511,00;44,05
510,00;43,93
509,00;43,92
508,00;43,83
507,00;43,80
506,00;43,91
505,00;43,84
504,00;43,36
503,00;42,88
502,00;42,89
501,00;43,12
500,00;43,16
