Criado como novo conjunto de dados;Amostra 017 por Analyst data segunda-feira, outubro 28 2024
cm-1;%T
4000,00;99,96
3999,00;99,96
3998,00;99,96
3997,00;99,96
3996,00;99,96
3995,00;99,97
3994,00;99,97
3993,00;99,97
3992,00;99,97
3991,00;99,97
3990,00;99,97
3989,00;99,97
3988,00;99,97
3987,00;99,97
3986,00;99,97
3985,00;99,97
3984,00;99,97
3983,00;99,97
3982,00;99,97
3981,00;99,97
3980,00;99,97
3979,00;99,97
3978,00;99,97
3977,00;99,97
3976,00;99,98
3975,00;99,98
3974,00;99,98
3973,00;99,98
3972,00;99,98
3971,00;99,98
3970,00;99,98
3969,00;99,98
3968,00;99,98
3967,00;99,98
3966,00;99,98
3965,00;99,98
3964,00;99,98
3963,00;99,98
3962,00;99,98
3961,00;99,98
3960,00;99,98
3959,00;99,98
3958,00;99,98
3957,00;99,98
3956,00;99,99
3955,00;99,99
3954,00;99,99
3953,00;99,99
3952,00;99,99
3951,00;100,00
3950,00;100,00
3949,00;100,00
3948,00;100,00
3947,00;100,00
3946,00;100,00
3945,00;100,00
3944,00;100,01
3943,00;100,01
3942,00;100,01
3941,00;100,01
3940,00;100,01
3939,00;100,01
3938,00;100,01
3937,00;100,00
3936,00;100,00
3935,00;100,00
3934,00;100,00
3933,00;100,00
3932,00;100,01
3931,00;100,02
3930,00;100,03
3929,00;100,03
3928,00;100,03
3927,00;100,02
3926,00;100,02
3925,00;100,02
3924,00;100,02
3923,00;100,02
3922,00;100,02
3921,00;100,02
3920,00;100,02
3919,00;100,02
3918,00;100,03
3917,00;100,03
3916,00;100,04
3915,00;100,04
3914,00;100,04
3913,00;100,04
3912,00;100,04
3911,00;100,03
3910,00;100,03
3909,00;100,03
3908,00;100,03
3907,00;100,03
3906,00;100,04
3905,00;100,05
3904,00;100,05
3903,00;100,05
3902,00;100,06
3901,00;100,08
3900,00;100,09
3899,00;100,09
3898,00;100,08
3897,00;100,07
3896,00;100,06
3895,00;100,05
3894,00;100,05
3893,00;100,05
3892,00;100,06
3891,00;100,06
3890,00;100,05
3889,00;100,05
3888,00;100,06
3887,00;100,07
3886,00;100,07
3885,00;100,06
3884,00;100,05
3883,00;100,06
3882,00;100,08
3881,00;100,09
3880,00;100,09
3879,00;100,09
3878,00;100,08
3877,00;100,08
3876,00;100,08
3875,00;100,08
3874,00;100,08
3873,00;100,07
3872,00;100,08
3871,00;100,10
3870,00;100,11
3869,00;100,10
3868,00;100,09
3867,00;100,10
3866,00;100,11
3865,00;100,11
3864,00;100,10
3863,00;100,10
3862,00;100,11
3861,00;100,11
3860,00;100,10
3859,00;100,09
3858,00;100,09
3857,00;100,10
3856,00;100,11
3855,00;100,11
3854,00;100,10
3853,00;100,09
3852,00;100,11
3851,00;100,13
3850,00;100,13
3849,00;100,13
3848,00;100,12
3847,00;100,11
3846,00;100,10
3845,00;100,10
3844,00;100,10
3843,00;100,10
3842,00;100,10
3841,00;100,10
3840,00;100,11
3839,00;100,12
3838,00;100,12
3837,00;100,12
3836,00;100,12
3835,00;100,13
3834,00;100,13
3833,00;100,14
3832,00;100,13
3831,00;100,13
3830,00;100,12
3829,00;100,12
3828,00;100,12
3827,00;100,12
3826,00;100,12
3825,00;100,11
3824,00;100,12
3823,00;100,13
3822,00;100,14
3821,00;100,14
3820,00;100,13
3819,00;100,14
3818,00;100,15
3817,00;100,16
3816,00;100,15
3815,00;100,13
3814,00;100,13
3813,00;100,13
3812,00;100,14
3811,00;100,13
3810,00;100,12
3809,00;100,12
3808,00;100,13
3807,00;100,13
3806,00;100,12
3805,00;100,12
3804,00;100,14
3803,00;100,16
3802,00;100,16
3801,00;100,16
3800,00;100,15
3799,00;100,15
3798,00;100,16
3797,00;100,17
3796,00;100,16
3795,00;100,15
3794,00;100,15
3793,00;100,15
3792,00;100,14
3791,00;100,14
3790,00;100,13
3789,00;100,13
3788,00;100,13
3787,00;100,13
3786,00;100,13
3785,00;100,14
3784,00;100,14
3783,00;100,14
3782,00;100,14
3781,00;100,15
3780,00;100,15
3779,00;100,15
3778,00;100,15
3777,00;100,15
3776,00;100,15
3775,00;100,15
3774,00;100,14
3773,00;100,14
3772,00;100,14
3771,00;100,15
3770,00;100,15
3769,00;100,15
3768,00;100,16
3767,00;100,17
3766,00;100,17
3765,00;100,17
3764,00;100,17
3763,00;100,17
3762,00;100,17
3761,00;100,17
3760,00;100,17
3759,00;100,17
3758,00;100,18
3757,00;100,18
3756,00;100,17
3755,00;100,17
3754,00;100,17
3753,00;100,17
3752,00;100,17
3751,00;100,17
3750,00;100,19
3749,00;100,20
3748,00;100,19
3747,00;100,19
3746,00;100,21
3745,00;100,22
3744,00;100,20
3743,00;100,19
3742,00;100,19
3741,00;100,19
3740,00;100,18
3739,00;100,17
3738,00;100,17
3737,00;100,17
3736,00;100,17
3735,00;100,18
3734,00;100,20
3733,00;100,22
3732,00;100,22
3731,00;100,20
3730,00;100,18
3729,00;100,17
3728,00;100,17
3727,00;100,17
3726,00;100,16
3725,00;100,16
3724,00;100,17
3723,00;100,18
3722,00;100,18
3721,00;100,18
3720,00;100,19
3719,00;100,19
3718,00;100,18
3717,00;100,18
3716,00;100,17
3715,00;100,17
3714,00;100,17
3713,00;100,17
3712,00;100,16
3711,00;100,17
3710,00;100,18
3709,00;100,18
3708,00;100,18
3707,00;100,17
3706,00;100,15
3705,00;100,14
3704,00;100,14
3703,00;100,14
3702,00;100,14
3701,00;100,14
3700,00;100,13
3699,00;100,13
3698,00;100,12
3697,00;100,11
3696,00;100,10
3695,00;100,09
3694,00;100,08
3693,00;100,08
3692,00;100,08
3691,00;100,08
3690,00;100,08
3689,00;100,08
3688,00;100,07
3687,00;100,05
3686,00;100,04
3685,00;100,03
3684,00;100,02
3683,00;100,00
3682,00;99,99
3681,00;99,98
3680,00;99,97
3679,00;99,96
3678,00;99,96
3677,00;99,96
3676,00;99,96
3675,00;99,94
3674,00;99,92
3673,00;99,91
3672,00;99,91
3671,00;99,91
3670,00;99,88
3669,00;99,86
3668,00;99,84
3667,00;99,82
3666,00;99,80
3665,00;99,78
3664,00;99,76
3663,00;99,74
3662,00;99,72
3661,00;99,71
3660,00;99,69
3659,00;99,68
3658,00;99,68
3657,00;99,67
3656,00;99,66
3655,00;99,64
3654,00;99,64
3653,00;99,64
3652,00;99,65
3651,00;99,64
3650,00;99,62
3649,00;99,62
3648,00;99,62
3647,00;99,62
3646,00;99,61
3645,00;99,59
3644,00;99,56
3643,00;99,55
3642,00;99,53
3641,00;99,52
3640,00;99,50
3639,00;99,49
3638,00;99,48
3637,00;99,47
3636,00;99,47
3635,00;99,46
3634,00;99,46
3633,00;99,45
3632,00;99,46
3631,00;99,46
3630,00;99,46
3629,00;99,45
3628,00;99,43
3627,00;99,41
3626,00;99,41
3625,00;99,41
3624,00;99,40
3623,00;99,39
3622,00;99,39
3621,00;99,39
3620,00;99,39
3619,00;99,38
3618,00;99,38
3617,00;99,37
3616,00;99,37
3615,00;99,37
3614,00;99,37
3613,00;99,36
3612,00;99,35
3611,00;99,34
3610,00;99,33
3609,00;99,32
3608,00;99,30
3607,00;99,29
3606,00;99,29
3605,00;99,28
3604,00;99,27
3603,00;99,27
3602,00;99,26
3601,00;99,25
3600,00;99,25
3599,00;99,24
3598,00;99,24
3597,00;99,24
3596,00;99,23
3595,00;99,23
3594,00;99,22
3593,00;99,21
3592,00;99,20
3591,00;99,20
3590,00;99,20
3589,00;99,20
3588,00;99,20
3587,00;99,18
3586,00;99,17
3585,00;99,16
3584,00;99,15
3583,00;99,14
3582,00;99,13
3581,00;99,13
3580,00;99,12
3579,00;99,12
3578,00;99,11
3577,00;99,11
3576,00;99,10
3575,00;99,09
3574,00;99,09
3573,00;99,08
3572,00;99,07
3571,00;99,06
3570,00;99,06
3569,00;99,06
3568,00;99,05
3567,00;99,05
3566,00;99,04
3565,00;99,03
3564,00;99,02
3563,00;99,01
3562,00;98,99
3561,00;98,97
3560,00;98,96
3559,00;98,95
3558,00;98,94
3557,00;98,93
3556,00;98,92
3555,00;98,91
3554,00;98,91
3553,00;98,90
3552,00;98,89
3551,00;98,88
3550,00;98,87
3549,00;98,86
3548,00;98,85
3547,00;98,84
3546,00;98,82
3545,00;98,81
3544,00;98,80
3543,00;98,79
3542,00;98,78
3541,00;98,77
3540,00;98,77
3539,00;98,76
3538,00;98,75
3537,00;98,74
3536,00;98,73
3535,00;98,72
3534,00;98,71
3533,00;98,71
3532,00;98,71
3531,00;98,70
3530,00;98,69
3529,00;98,68
3528,00;98,67
3527,00;98,66
3526,00;98,64
3525,00;98,63
3524,00;98,62
3523,00;98,61
3522,00;98,60
3521,00;98,59
3520,00;98,58
3519,00;98,57
3518,00;98,56
3517,00;98,55
3516,00;98,54
3515,00;98,53
3514,00;98,52
3513,00;98,51
3512,00;98,51
3511,00;98,51
3510,00;98,50
3509,00;98,50
3508,00;98,49
3507,00;98,48
3506,00;98,46
3505,00;98,45
3504,00;98,43
3503,00;98,42
3502,00;98,40
3501,00;98,39
3500,00;98,38
3499,00;98,37
3498,00;98,36
3497,00;98,35
3496,00;98,34
3495,00;98,33
3494,00;98,33
3493,00;98,32
3492,00;98,32
3491,00;98,31
3490,00;98,31
3489,00;98,30
3488,00;98,29
3487,00;98,28
3486,00;98,27
3485,00;98,26
3484,00;98,26
3483,00;98,25
3482,00;98,24
3481,00;98,23
3480,00;98,22
3479,00;98,21
3478,00;98,20
3477,00;98,20
3476,00;98,20
3475,00;98,19
3474,00;98,19
3473,00;98,18
3472,00;98,16
3471,00;98,15
3470,00;98,13
3469,00;98,12
3468,00;98,11
3467,00;98,10
3466,00;98,10
3465,00;98,10
3464,00;98,10
3463,00;98,10
3462,00;98,10
3461,00;98,09
3460,00;98,09
3459,00;98,08
3458,00;98,08
3457,00;98,08
3456,00;98,08
3455,00;98,08
3454,00;98,08
3453,00;98,07
3452,00;98,07
3451,00;98,06
3450,00;98,06
3449,00;98,05
3448,00;98,05
3447,00;98,05
3446,00;98,04
3445,00;98,04
3444,00;98,04
3443,00;98,04
3442,00;98,03
3441,00;98,03
3440,00;98,02
3439,00;98,01
3438,00;98,00
3437,00;97,99
3436,00;97,98
3435,00;97,98
3434,00;97,97
3433,00;97,98
3432,00;97,98
3431,00;97,98
3430,00;97,98
3429,00;97,98
3428,00;97,98
3427,00;97,99
3426,00;97,99
3425,00;97,99
3424,00;97,99
3423,00;98,00
3422,00;98,00
3421,00;98,00
3420,00;98,00
3419,00;98,00
3418,00;98,00
3417,00;98,00
3416,00;98,01
3415,00;98,00
3414,00;98,00
3413,00;98,00
3412,00;97,99
3411,00;97,99
3410,00;98,00
3409,00;98,00
3408,00;98,01
3407,00;98,01
3406,00;98,02
3405,00;98,02
3404,00;98,02
3403,00;98,01
3402,00;98,01
3401,00;98,01
3400,00;98,01
3399,00;98,01
3398,00;98,02
3397,00;98,03
3396,00;98,04
3395,00;98,04
3394,00;98,04
3393,00;98,04
3392,00;98,04
3391,00;98,04
3390,00;98,05
3389,00;98,07
3388,00;98,08
3387,00;98,09
3386,00;98,10
3385,00;98,10
3384,00;98,11
3383,00;98,11
3382,00;98,11
3381,00;98,11
3380,00;98,12
3379,00;98,12
3378,00;98,12
3377,00;98,13
3376,00;98,14
3375,00;98,14
3374,00;98,15
3373,00;98,15
3372,00;98,15
3371,00;98,15
3370,00;98,15
3369,00;98,15
3368,00;98,15
3367,00;98,16
3366,00;98,17
3365,00;98,18
3364,00;98,20
3363,00;98,21
3362,00;98,21
3361,00;98,22
3360,00;98,22
3359,00;98,23
3358,00;98,24
3357,00;98,25
3356,00;98,26
3355,00;98,27
3354,00;98,27
3353,00;98,27
3352,00;98,28
3351,00;98,28
3350,00;98,28
3349,00;98,29
3348,00;98,30
3347,00;98,31
3346,00;98,32
3345,00;98,33
3344,00;98,33
3343,00;98,33
3342,00;98,33
3341,00;98,34
3340,00;98,34
3339,00;98,35
3338,00;98,35
3337,00;98,36
3336,00;98,37
3335,00;98,38
3334,00;98,39
3333,00;98,40
3332,00;98,41
3331,00;98,42
3330,00;98,43
3329,00;98,44
3328,00;98,44
3327,00;98,44
3326,00;98,44
3325,00;98,45
3324,00;98,46
3323,00;98,47
3322,00;98,48
3321,00;98,49
3320,00;98,50
3319,00;98,51
3318,00;98,51
3317,00;98,52
3316,00;98,52
3315,00;98,53
3314,00;98,53
3313,00;98,54
3312,00;98,54
3311,00;98,54
3310,00;98,54
3309,00;98,54
3308,00;98,55
3307,00;98,55
3306,00;98,56
3305,00;98,57
3304,00;98,58
3303,00;98,59
3302,00;98,60
3301,00;98,61
3300,00;98,62
3299,00;98,62
3298,00;98,63
3297,00;98,63
3296,00;98,64
3295,00;98,64
3294,00;98,65
3293,00;98,65
3292,00;98,66
3291,00;98,67
3290,00;98,68
3289,00;98,69
3288,00;98,70
3287,00;98,70
3286,00;98,71
3285,00;98,72
3284,00;98,73
3283,00;98,73
3282,00;98,74
3281,00;98,75
3280,00;98,75
3279,00;98,76
3278,00;98,76
3277,00;98,76
3276,00;98,77
3275,00;98,78
3274,00;98,78
3273,00;98,79
3272,00;98,79
3271,00;98,79
3270,00;98,80
3269,00;98,80
3268,00;98,81
3267,00;98,82
3266,00;98,83
3265,00;98,84
3264,00;98,85
3263,00;98,85
3262,00;98,86
3261,00;98,86
3260,00;98,87
3259,00;98,87
3258,00;98,88
3257,00;98,88
3256,00;98,89
3255,00;98,89
3254,00;98,90
3253,00;98,90
3252,00;98,91
3251,00;98,92
3250,00;98,92
3249,00;98,92
3248,00;98,93
3247,00;98,93
3246,00;98,94
3245,00;98,95
3244,00;98,96
3243,00;98,97
3242,00;98,97
3241,00;98,98
3240,00;98,98
3239,00;98,99
3238,00;98,99
3237,00;99,00
3236,00;99,00
3235,00;99,00
3234,00;99,01
3233,00;99,01
3232,00;99,02
3231,00;99,02
3230,00;99,03
3229,00;99,04
3228,00;99,05
3227,00;99,06
3226,00;99,06
3225,00;99,07
3224,00;99,07
3223,00;99,08
3222,00;99,08
3221,00;99,09
3220,00;99,10
3219,00;99,10
3218,00;99,11
3217,00;99,12
3216,00;99,12
3215,00;99,13
3214,00;99,13
3213,00;99,14
3212,00;99,15
3211,00;99,16
3210,00;99,16
3209,00;99,17
3208,00;99,17
3207,00;99,18
3206,00;99,18
3205,00;99,19
3204,00;99,20
3203,00;99,20
3202,00;99,21
3201,00;99,22
3200,00;99,22
3199,00;99,22
3198,00;99,23
3197,00;99,24
3196,00;99,24
3195,00;99,25
3194,00;99,25
3193,00;99,26
3192,00;99,26
3191,00;99,27
3190,00;99,27
3189,00;99,28
3188,00;99,29
3187,00;99,30
3186,00;99,30
3185,00;99,31
3184,00;99,31
3183,00;99,32
3182,00;99,32
3181,00;99,33
3180,00;99,34
3179,00;99,34
3178,00;99,35
3177,00;99,36
3176,00;99,37
3175,00;99,37
3174,00;99,37
3173,00;99,38
3172,00;99,38
3171,00;99,39
3170,00;99,39
3169,00;99,40
3168,00;99,40
3167,00;99,41
3166,00;99,41
3165,00;99,42
3164,00;99,42
3163,00;99,43
3162,00;99,43
3161,00;99,44
3160,00;99,44
3159,00;99,45
3158,00;99,45
3157,00;99,46
3156,00;99,46
3155,00;99,46
3154,00;99,46
3153,00;99,46
3152,00;99,47
3151,00;99,47
3150,00;99,48
3149,00;99,49
3148,00;99,50
3147,00;99,51
3146,00;99,52
3145,00;99,52
3144,00;99,53
3143,00;99,53
3142,00;99,53
3141,00;99,53
3140,00;99,53
3139,00;99,53
3138,00;99,54
3137,00;99,54
3136,00;99,55
3135,00;99,56
3134,00;99,57
3133,00;99,58
3132,00;99,58
3131,00;99,58
3130,00;99,58
3129,00;99,59
3128,00;99,59
3127,00;99,60
3126,00;99,61
3125,00;99,61
3124,00;99,62
3123,00;99,62
3122,00;99,63
3121,00;99,62
3120,00;99,62
3119,00;99,62
3118,00;99,62
3117,00;99,63
3116,00;99,63
3115,00;99,64
3114,00;99,65
3113,00;99,66
3112,00;99,66
3111,00;99,67
3110,00;99,67
3109,00;99,68
3108,00;99,68
3107,00;99,69
3106,00;99,70
3105,00;99,70
3104,00;99,71
3103,00;99,71
3102,00;99,72
3101,00;99,72
3100,00;99,72
3099,00;99,72
3098,00;99,73
3097,00;99,74
3096,00;99,75
3095,00;99,76
3094,00;99,76
3093,00;99,76
3092,00;99,76
3091,00;99,76
3090,00;99,76
3089,00;99,76
3088,00;99,77
3087,00;99,77
3086,00;99,77
3085,00;99,78
3084,00;99,78
3083,00;99,79
3082,00;99,79
3081,00;99,79
3080,00;99,80
3079,00;99,80
3078,00;99,81
3077,00;99,81
3076,00;99,82
3075,00;99,83
3074,00;99,84
3073,00;99,85
3072,00;99,85
3071,00;99,86
3070,00;99,86
3069,00;99,86
3068,00;99,86
3067,00;99,86
3066,00;99,86
3065,00;99,87
3064,00;99,88
3063,00;99,88
3062,00;99,89
3061,00;99,90
3060,00;99,90
3059,00;99,90
3058,00;99,91
3057,00;99,91
3056,00;99,91
3055,00;99,91
3054,00;99,91
3053,00;99,92
3052,00;99,92
3051,00;99,93
3050,00;99,93
3049,00;99,94
3048,00;99,94
3047,00;99,94
3046,00;99,94
3045,00;99,94
3044,00;99,94
3043,00;99,94
3042,00;99,95
3041,00;99,95
3040,00;99,96
3039,00;99,96
3038,00;99,97
3037,00;99,97
3036,00;99,97
3035,00;99,97
3034,00;99,97
3033,00;99,98
3032,00;99,98
3031,00;99,99
3030,00;99,99
3029,00;100,00
3028,00;100,00
3027,00;100,00
3026,00;100,00
3025,00;100,00
3024,00;100,00
3023,00;100,00
3022,00;100,00
3021,00;100,00
3020,00;100,00
3019,00;100,00
3018,00;100,00
3017,00;100,00
3016,00;100,00
3015,00;100,00
3014,00;100,00
3013,00;100,00
3012,00;100,00
3011,00;100,00
3010,00;100,00
3009,00;100,00
3008,00;100,01
3007,00;100,01
3006,00;100,00
3005,00;100,00
3004,00;100,00
3003,00;99,99
3002,00;99,98
3001,00;99,98
3000,00;99,97
2999,00;99,96
2998,00;99,95
2997,00;99,93
2996,00;99,92
2995,00;99,90
2994,00;99,88
2993,00;99,86
2992,00;99,84
2991,00;99,82
2990,00;99,80
2989,00;99,77
2988,00;99,74
2987,00;99,71
2986,00;99,67
2985,00;99,63
2984,00;99,59
2983,00;99,54
2982,00;99,49
2981,00;99,44
2980,00;99,39
2979,00;99,35
2978,00;99,30
2977,00;99,26
2976,00;99,22
2975,00;99,18
2974,00;99,15
2973,00;99,12
2972,00;99,09
2971,00;99,07
2970,00;99,05
2969,00;99,02
2968,00;98,99
2967,00;98,96
2966,00;98,92
2965,00;98,88
2964,00;98,84
2963,00;98,79
2962,00;98,74
2961,00;98,70
2960,00;98,66
2959,00;98,63
2958,00;98,61
2957,00;98,60
2956,00;98,59
2955,00;98,58
2954,00;98,58
2953,00;98,59
2952,00;98,58
2951,00;98,58
2950,00;98,56
2949,00;98,53
2948,00;98,47
2947,00;98,41
2946,00;98,32
2945,00;98,21
2944,00;98,09
2943,00;97,96
2942,00;97,81
2941,00;97,65
2940,00;97,49
2939,00;97,32
2938,00;97,15
2937,00;96,99
2936,00;96,84
2935,00;96,71
2934,00;96,61
2933,00;96,53
2932,00;96,48
2931,00;96,46
2930,00;96,46
2929,00;96,50
2928,00;96,55
2927,00;96,62
2926,00;96,70
2925,00;96,78
2924,00;96,87
2923,00;96,95
2922,00;97,04
2921,00;97,12
2920,00;97,20
2919,00;97,28
2918,00;97,35
2917,00;97,43
2916,00;97,51
2915,00;97,59
2914,00;97,67
2913,00;97,76
2912,00;97,85
2911,00;97,94
2910,00;98,03
2909,00;98,12
2908,00;98,20
2907,00;98,28
2906,00;98,35
2905,00;98,41
2904,00;98,46
2903,00;98,51
2902,00;98,55
2901,00;98,58
2900,00;98,60
2899,00;98,61
2898,00;98,61
2897,00;98,61
2896,00;98,60
2895,00;98,58
2894,00;98,56
2893,00;98,54
2892,00;98,52
2891,00;98,51
2890,00;98,50
2889,00;98,50
2888,00;98,51
2887,00;98,52
2886,00;98,55
2885,00;98,60
2884,00;98,65
2883,00;98,71
2882,00;98,77
2881,00;98,83
2880,00;98,90
2879,00;98,96
2878,00;99,01
2877,00;99,06
2876,00;99,10
2875,00;99,12
2874,00;99,14
2873,00;99,14
2872,00;99,14
2871,00;99,13
2870,00;99,11
2869,00;99,09
2868,00;99,07
2867,00;99,06
2866,00;99,04
2865,00;99,03
2864,00;99,03
2863,00;99,04
2862,00;99,04
2861,00;99,05
2860,00;99,07
2859,00;99,08
2858,00;99,09
2857,00;99,11
2856,00;99,13
2855,00;99,15
2854,00;99,18
2853,00;99,22
2852,00;99,26
2851,00;99,30
2850,00;99,34
2849,00;99,39
2848,00;99,43
2847,00;99,47
2846,00;99,51
2845,00;99,55
2844,00;99,59
2843,00;99,62
2842,00;99,66
2841,00;99,69
2840,00;99,73
2839,00;99,77
2838,00;99,81
2837,00;99,85
2836,00;99,89
2835,00;99,93
2834,00;99,96
2833,00;100,00
2832,00;100,03
2831,00;100,06
2830,00;100,08
2829,00;100,11
2828,00;100,13
2827,00;100,15
2826,00;100,17
2825,00;100,19
2824,00;100,21
2823,00;100,22
2822,00;100,24
2821,00;100,25
2820,00;100,26
2819,00;100,27
2818,00;100,28
2817,00;100,29
2816,00;100,30
2815,00;100,30
2814,00;100,31
2813,00;100,31
2812,00;100,32
2811,00;100,32
2810,00;100,32
2809,00;100,32
2808,00;100,33
2807,00;100,33
2806,00;100,33
2805,00;100,32
2804,00;100,32
2803,00;100,32
2802,00;100,33
2801,00;100,33
2800,00;100,33
2799,00;100,33
2798,00;100,33
2797,00;100,33
2796,00;100,33
2795,00;100,33
2794,00;100,34
2793,00;100,34
2792,00;100,35
2791,00;100,35
2790,00;100,36
2789,00;100,37
2788,00;100,37
2787,00;100,38
2786,00;100,39
2785,00;100,40
2784,00;100,41
2783,00;100,42
2782,00;100,43
2781,00;100,44
2780,00;100,45
2779,00;100,46
2778,00;100,47
2777,00;100,47
2776,00;100,48
2775,00;100,49
2774,00;100,49
2773,00;100,50
2772,00;100,51
2771,00;100,51
2770,00;100,52
2769,00;100,52
2768,00;100,52
2767,00;100,52
2766,00;100,53
2765,00;100,53
2764,00;100,54
2763,00;100,54
2762,00;100,55
2761,00;100,55
2760,00;100,55
2759,00;100,55
2758,00;100,56
2757,00;100,56
2756,00;100,56
2755,00;100,56
2754,00;100,56
2753,00;100,56
2752,00;100,56
2751,00;100,56
2750,00;100,56
2749,00;100,57
2748,00;100,57
2747,00;100,57
2746,00;100,57
2745,00;100,57
2744,00;100,57
2743,00;100,57
2742,00;100,58
2741,00;100,58
2740,00;100,58
2739,00;100,59
2738,00;100,59
2737,00;100,59
2736,00;100,60
2735,00;100,60
2734,00;100,60
2733,00;100,60
2732,00;100,61
2731,00;100,61
2730,00;100,61
2729,00;100,62
2728,00;100,62
2727,00;100,62
2726,00;100,62
2725,00;100,63
2724,00;100,63
2723,00;100,63
2722,00;100,63
2721,00;100,63
2720,00;100,64
2719,00;100,64
2718,00;100,64
2717,00;100,64
2716,00;100,64
2715,00;100,64
2714,00;100,64
2713,00;100,65
2712,00;100,65
2711,00;100,65
2710,00;100,66
2709,00;100,66
2708,00;100,66
2707,00;100,66
2706,00;100,66
2705,00;100,65
2704,00;100,65
2703,00;100,65
2702,00;100,65
2701,00;100,65
2700,00;100,65
2699,00;100,65
2698,00;100,65
2697,00;100,65
2696,00;100,65
2695,00;100,65
2694,00;100,65
2693,00;100,65
2692,00;100,65
2691,00;100,64
2690,00;100,64
2689,00;100,64
2688,00;100,64
2687,00;100,64
2686,00;100,64
2685,00;100,64
2684,00;100,64
2683,00;100,64
2682,00;100,64
2681,00;100,64
2680,00;100,64
2679,00;100,64
2678,00;100,64
2677,00;100,64
2676,00;100,64
2675,00;100,64
2674,00;100,64
2673,00;100,64
2672,00;100,64
2671,00;100,64
2670,00;100,64
2669,00;100,64
2668,00;100,64
2667,00;100,64
2666,00;100,64
2665,00;100,63
2664,00;100,62
2663,00;100,61
2662,00;100,60
2661,00;100,59
2660,00;100,58
2659,00;100,57
2658,00;100,56
2657,00;100,56
2656,00;100,55
2655,00;100,55
2654,00;100,55
2653,00;100,55
2652,00;100,55
2651,00;100,55
2650,00;100,55
2649,00;100,55
2648,00;100,55
2647,00;100,55
2646,00;100,56
2645,00;100,56
2644,00;100,56
2643,00;100,57
2642,00;100,57
2641,00;100,57
2640,00;100,57
2639,00;100,57
2638,00;100,58
2637,00;100,58
2636,00;100,58
2635,00;100,58
2634,00;100,58
2633,00;100,59
2632,00;100,59
2631,00;100,60
2630,00;100,60
2629,00;100,60
2628,00;100,61
2627,00;100,61
2626,00;100,61
2625,00;100,62
2624,00;100,62
2623,00;100,62
2622,00;100,63
2621,00;100,63
2620,00;100,63
2619,00;100,63
2618,00;100,64
2617,00;100,64
2616,00;100,64
2615,00;100,65
2614,00;100,65
2613,00;100,65
2612,00;100,65
2611,00;100,66
2610,00;100,66
2609,00;100,66
2608,00;100,67
2607,00;100,67
2606,00;100,67
2605,00;100,67
2604,00;100,68
2603,00;100,68
2602,00;100,68
2601,00;100,68
2600,00;100,68
2599,00;100,68
2598,00;100,68
2597,00;100,68
2596,00;100,68
2595,00;100,68
2594,00;100,68
2593,00;100,68
2592,00;100,67
2591,00;100,67
2590,00;100,67
2589,00;100,67
2588,00;100,67
2587,00;100,66
2586,00;100,66
2585,00;100,66
2584,00;100,65
2583,00;100,64
2582,00;100,64
2581,00;100,63
2580,00;100,62
2579,00;100,61
2578,00;100,60
2577,00;100,58
2576,00;100,57
2575,00;100,55
2574,00;100,54
2573,00;100,52
2572,00;100,51
2571,00;100,49
2570,00;100,47
2569,00;100,46
2568,00;100,45
2567,00;100,44
2566,00;100,43
2565,00;100,42
2564,00;100,41
2563,00;100,40
2562,00;100,40
2561,00;100,39
2560,00;100,39
2559,00;100,39
2558,00;100,39
2557,00;100,39
2556,00;100,39
2555,00;100,39
2554,00;100,40
2553,00;100,40
2552,00;100,41
2551,00;100,42
2550,00;100,43
2549,00;100,44
2548,00;100,45
2547,00;100,47
2546,00;100,48
2545,00;100,50
2544,00;100,51
2543,00;100,52
2542,00;100,53
2541,00;100,54
2540,00;100,55
2539,00;100,56
2538,00;100,57
2537,00;100,58
2536,00;100,60
2535,00;100,61
2534,00;100,62
2533,00;100,64
2532,00;100,65
2531,00;100,66
2530,00;100,67
2529,00;100,69
2528,00;100,70
2527,00;100,71
2526,00;100,72
2525,00;100,73
2524,00;100,74
2523,00;100,74
2522,00;100,75
2521,00;100,76
2520,00;100,77
2519,00;100,77
2518,00;100,78
2517,00;100,79
2516,00;100,79
2515,00;100,80
2514,00;100,81
2513,00;100,81
2512,00;100,82
2511,00;100,83
2510,00;100,83
2509,00;100,84
2508,00;100,85
2507,00;100,85
2506,00;100,86
2505,00;100,86
2504,00;100,87
2503,00;100,87
2502,00;100,88
2501,00;100,88
2500,00;100,89
2499,00;100,89
2498,00;100,90
2497,00;100,90
2496,00;100,90
2495,00;100,90
2494,00;100,91
2493,00;100,91
2492,00;100,91
2491,00;100,92
2490,00;100,93
2489,00;100,93
2488,00;100,94
2487,00;100,94
2486,00;100,95
2485,00;100,95
2484,00;100,96
2483,00;100,96
2482,00;100,96
2481,00;100,96
2480,00;100,96
2479,00;100,97
2478,00;100,97
2477,00;100,98
2476,00;100,98
2475,00;100,98
2474,00;100,98
2473,00;100,99
2472,00;100,99
2471,00;101,00
2470,00;101,00
2469,00;101,00
2468,00;101,00
2467,00;100,99
2466,00;100,99
2465,00;100,99
2464,00;100,99
2463,00;100,99
2462,00;100,99
2461,00;100,99
2460,00;100,99
2459,00;100,98
2458,00;100,98
2457,00;100,97
2456,00;100,97
2455,00;100,97
2454,00;100,97
2453,00;100,97
2452,00;100,97
2451,00;100,98
2450,00;100,98
2449,00;100,99
2448,00;100,99
2447,00;101,00
2446,00;101,01
2445,00;101,01
2444,00;101,02
2443,00;101,02
2442,00;101,03
2441,00;101,03
2440,00;101,04
2439,00;101,04
2438,00;101,04
2437,00;101,05
2436,00;101,05
2435,00;101,06
2434,00;101,06
2433,00;101,06
2432,00;101,07
2431,00;101,07
2430,00;101,08
2429,00;101,08
2428,00;101,08
2427,00;101,09
2426,00;101,09
2425,00;101,10
2424,00;101,10
2423,00;101,11
2422,00;101,11
2421,00;101,12
2420,00;101,12
2419,00;101,12
2418,00;101,12
2417,00;101,12
2416,00;101,13
2415,00;101,13
2414,00;101,14
2413,00;101,14
2412,00;101,14
2411,00;101,14
2410,00;101,14
2409,00;101,14
2408,00;101,15
2407,00;101,16
2406,00;101,18
2405,00;101,19
2404,00;101,19
2403,00;101,20
2402,00;101,20
2401,00;101,20
2400,00;101,20
2399,00;101,20
2398,00;101,20
2397,00;101,20
2396,00;101,20
2395,00;101,21
2394,00;101,21
2393,00;101,21
2392,00;101,21
2391,00;101,22
2390,00;101,22
2389,00;101,22
2388,00;101,22
2387,00;101,23
2386,00;101,23
2385,00;101,23
2384,00;101,23
2383,00;101,23
2382,00;101,23
2381,00;101,23
2380,00;101,23
2379,00;101,23
2378,00;101,23
2377,00;101,23
2376,00;101,23
2375,00;101,23
2374,00;101,24
2373,00;101,23
2372,00;101,23
2371,00;101,23
2370,00;101,23
2369,00;101,23
2368,00;101,24
2367,00;101,24
2366,00;101,23
2365,00;101,22
2364,00;101,21
2363,00;101,20
2362,00;101,19
2361,00;101,19
2360,00;101,19
2359,00;101,19
2358,00;101,21
2357,00;101,23
2356,00;101,25
2355,00;101,26
2354,00;101,27
2353,00;101,27
2352,00;101,25
2351,00;101,22
2350,00;101,18
2349,00;101,14
2348,00;101,11
2347,00;101,08
2346,00;101,07
2345,00;101,07
2344,00;101,09
2343,00;101,11
2342,00;101,13
2341,00;101,14
2340,00;101,15
2339,00;101,16
2338,00;101,17
2337,00;101,18
2336,00;101,19
2335,00;101,20
2334,00;101,20
2333,00;101,21
2332,00;101,21
2331,00;101,22
2330,00;101,22
2329,00;101,21
2328,00;101,18
2327,00;101,11
2326,00;101,01
2325,00;100,90
2324,00;100,83
2323,00;100,83
2322,00;100,87
2321,00;100,93
2320,00;100,98
2319,00;101,02
2318,00;101,04
2317,00;101,06
2316,00;101,07
2315,00;101,08
2314,00;101,09
2313,00;101,10
2312,00;101,11
2311,00;101,12
2310,00;101,12
2309,00;101,13
2308,00;101,13
2307,00;101,13
2306,00;101,13
2305,00;101,14
2304,00;101,13
2303,00;101,13
2302,00;101,13
2301,00;101,13
2300,00;101,12
2299,00;101,12
2298,00;101,12
2297,00;101,12
2296,00;101,11
2295,00;101,10
2294,00;101,08
2293,00;101,07
2292,00;101,05
2291,00;101,04
2290,00;101,03
2289,00;101,03
2288,00;101,02
2287,00;101,01
2286,00;101,01
2285,00;101,01
2284,00;101,03
2283,00;101,06
2282,00;101,09
2281,00;101,12
2280,00;101,15
2279,00;101,17
2278,00;101,19
2277,00;101,21
2276,00;101,22
2275,00;101,24
2274,00;101,26
2273,00;101,27
2272,00;101,29
2271,00;101,30
2270,00;101,31
2269,00;101,32
2268,00;101,34
2267,00;101,36
2266,00;101,39
2265,00;101,41
2264,00;101,42
2263,00;101,42
2262,00;101,41
2261,00;101,40
2260,00;101,40
2259,00;101,40
2258,00;101,40
2257,00;101,42
2256,00;101,44
2255,00;101,48
2254,00;101,51
2253,00;101,54
2252,00;101,55
2251,00;101,55
2250,00;101,54
2249,00;101,54
2248,00;101,54
2247,00;101,54
2246,00;101,54
2245,00;101,54
2244,00;101,55
2243,00;101,55
2242,00;101,55
2241,00;101,56
2240,00;101,57
2239,00;101,58
2238,00;101,58
2237,00;101,59
2236,00;101,60
2235,00;101,61
2234,00;101,61
2233,00;101,62
2232,00;101,61
2231,00;101,61
2230,00;101,62
2229,00;101,64
2228,00;101,66
2227,00;101,67
2226,00;101,68
2225,00;101,69
2224,00;101,70
2223,00;101,70
2222,00;101,70
2221,00;101,71
2220,00;101,71
2219,00;101,72
2218,00;101,74
2217,00;101,75
2216,00;101,75
2215,00;101,76
2214,00;101,77
2213,00;101,79
2212,00;101,79
2211,00;101,80
2210,00;101,81
2209,00;101,81
2208,00;101,82
2207,00;101,83
2206,00;101,83
2205,00;101,84
2204,00;101,84
2203,00;101,85
2202,00;101,85
2201,00;101,86
2200,00;101,87
2199,00;101,87
2198,00;101,87
2197,00;101,87
2196,00;101,87
2195,00;101,88
2194,00;101,88
2193,00;101,89
2192,00;101,90
2191,00;101,89
2190,00;101,89
2189,00;101,88
2188,00;101,87
2187,00;101,87
2186,00;101,88
2185,00;101,91
2184,00;101,96
2183,00;102,03
2182,00;102,10
2181,00;102,16
2180,00;102,18
2179,00;102,16
2178,00;102,14
2177,00;102,14
2176,00;102,17
2175,00;102,21
2174,00;102,24
2173,00;102,24
2172,00;102,20
2171,00;102,14
2170,00;102,08
2169,00;102,03
2168,00;101,99
2167,00;101,98
2166,00;101,98
2165,00;102,00
2164,00;102,01
2163,00;102,01
2162,00;102,03
2161,00;102,15
2160,00;102,41
2159,00;102,79
2158,00;103,14
2157,00;103,33
2156,00;103,33
2155,00;103,23
2154,00;103,11
2153,00;102,99
2152,00;102,89
2151,00;102,81
2150,00;102,76
2149,00;102,73
2148,00;102,71
2147,00;102,71
2146,00;102,71
2145,00;102,70
2144,00;102,68
2143,00;102,65
2142,00;102,62
2141,00;102,58
2140,00;102,54
2139,00;102,51
2138,00;102,49
2137,00;102,50
2136,00;102,53
2135,00;102,59
2134,00;102,64
2133,00;102,66
2132,00;102,62
2131,00;102,55
2130,00;102,47
2129,00;102,41
2128,00;102,35
2127,00;102,30
2126,00;102,25
2125,00;102,21
2124,00;102,17
2123,00;102,14
2122,00;102,11
2121,00;102,08
2120,00;102,06
2119,00;102,03
2118,00;102,00
2117,00;101,97
2116,00;101,93
2115,00;101,90
2114,00;101,89
2113,00;101,89
2112,00;101,90
2111,00;101,91
2110,00;101,93
2109,00;101,95
2108,00;101,95
2107,00;101,96
2106,00;101,97
2105,00;101,98
2104,00;101,99
2103,00;102,00
2102,00;102,00
2101,00;102,00
2100,00;102,00
2099,00;102,01
2098,00;102,03
2097,00;102,06
2096,00;102,11
2095,00;102,16
2094,00;102,19
2093,00;102,18
2092,00;102,16
2091,00;102,12
2090,00;102,09
2089,00;102,07
2088,00;102,06
2087,00;102,04
2086,00;102,03
2085,00;102,03
2084,00;102,02
2083,00;102,03
2082,00;102,03
2081,00;102,04
2080,00;102,03
2079,00;102,04
2078,00;102,04
2077,00;102,06
2076,00;102,08
2075,00;102,11
2074,00;102,14
2073,00;102,16
2072,00;102,18
2071,00;102,20
2070,00;102,22
2069,00;102,24
2068,00;102,26
2067,00;102,27
2066,00;102,29
2065,00;102,31
2064,00;102,32
2063,00;102,34
2062,00;102,35
2061,00;102,35
2060,00;102,35
2059,00;102,34
2058,00;102,34
2057,00;102,34
2056,00;102,36
2055,00;102,38
2054,00;102,39
2053,00;102,35
2052,00;102,26
2051,00;102,19
2050,00;102,20
2049,00;102,31
2048,00;102,46
2047,00;102,59
2046,00;102,66
2045,00;102,71
2044,00;102,73
2043,00;102,76
2042,00;102,78
2041,00;102,80
2040,00;102,81
2039,00;102,82
2038,00;102,84
2037,00;102,86
2036,00;102,90
2035,00;102,96
2034,00;103,04
2033,00;103,12
2032,00;103,16
2031,00;103,18
2030,00;103,19
2029,00;103,20
2028,00;103,20
2027,00;103,21
2026,00;103,22
2025,00;103,22
2024,00;103,22
2023,00;103,20
2022,00;103,19
2021,00;103,18
2020,00;103,18
2019,00;103,17
2018,00;103,17
2017,00;103,17
2016,00;103,14
2015,00;103,11
2014,00;103,09
2013,00;103,08
2012,00;103,06
2011,00;103,03
2010,00;103,02
2009,00;103,01
2008,00;103,03
2007,00;103,07
2006,00;103,11
2005,00;103,11
2004,00;103,05
2003,00;102,98
2002,00;102,92
2001,00;102,86
2000,00;102,80
1999,00;102,75
1998,00;102,70
1997,00;102,65
1996,00;102,60
1995,00;102,57
1994,00;102,55
1993,00;102,54
1992,00;102,53
1991,00;102,50
1990,00;102,48
1989,00;102,44
1988,00;102,40
1987,00;102,35
1986,00;102,31
1985,00;102,27
1984,00;102,24
1983,00;102,19
1982,00;102,14
1981,00;102,07
1980,00;102,03
1979,00;102,08
1978,00;102,23
1977,00;102,41
1976,00;102,55
1975,00;102,62
1974,00;102,64
1973,00;102,64
1972,00;102,63
1971,00;102,60
1970,00;102,58
1969,00;102,56
1968,00;102,54
1967,00;102,51
1966,00;102,49
1965,00;102,47
1964,00;102,44
1963,00;102,42
1962,00;102,41
1961,00;102,41
1960,00;102,42
1959,00;102,42
1958,00;102,41
1957,00;102,36
1956,00;102,29
1955,00;102,23
1954,00;102,17
1953,00;102,13
1952,00;102,11
1951,00;102,08
1950,00;102,07
1949,00;102,06
1948,00;102,05
1947,00;102,03
1946,00;102,02
1945,00;102,01
1944,00;102,01
1943,00;102,00
1942,00;101,99
1941,00;101,96
1940,00;101,94
1939,00;101,92
1938,00;101,90
1937,00;101,88
1936,00;101,86
1935,00;101,85
1934,00;101,83
1933,00;101,83
1932,00;101,81
1931,00;101,80
1930,00;101,79
1929,00;101,78
1928,00;101,77
1927,00;101,76
1926,00;101,76
1925,00;101,75
1924,00;101,74
1923,00;101,73
1922,00;101,70
1921,00;101,68
1920,00;101,66
1919,00;101,65
1918,00;101,65
1917,00;101,65
1916,00;101,63
1915,00;101,61
1914,00;101,60
1913,00;101,60
1912,00;101,60
1911,00;101,60
1910,00;101,60
1909,00;101,59
1908,00;101,58
1907,00;101,56
1906,00;101,54
1905,00;101,53
1904,00;101,52
1903,00;101,51
1902,00;101,51
1901,00;101,51
1900,00;101,50
1899,00;101,50
1898,00;101,49
1897,00;101,49
1896,00;101,49
1895,00;101,48
1894,00;101,47
1893,00;101,46
1892,00;101,46
1891,00;101,45
1890,00;101,45
1889,00;101,44
1888,00;101,43
1887,00;101,42
1886,00;101,41
1885,00;101,40
1884,00;101,40
1883,00;101,39
1882,00;101,39
1881,00;101,39
1880,00;101,38
1879,00;101,37
1878,00;101,36
1877,00;101,35
1876,00;101,35
1875,00;101,34
1874,00;101,33
1873,00;101,33
1872,00;101,33
1871,00;101,33
1870,00;101,34
1869,00;101,34
1868,00;101,34
1867,00;101,33
1866,00;101,32
1865,00;101,32
1864,00;101,31
1863,00;101,30
1862,00;101,30
1861,00;101,30
1860,00;101,29
1859,00;101,29
1858,00;101,28
1857,00;101,28
1856,00;101,28
1855,00;101,28
1854,00;101,28
1853,00;101,27
1852,00;101,27
1851,00;101,26
1850,00;101,26
1849,00;101,25
1848,00;101,25
1847,00;101,26
1846,00;101,28
1845,00;101,29
1844,00;101,28
1843,00;101,27
1842,00;101,26
1841,00;101,26
1840,00;101,25
1839,00;101,25
1838,00;101,24
1837,00;101,24
1836,00;101,23
1835,00;101,23
1834,00;101,22
1833,00;101,22
1832,00;101,22
1831,00;101,22
1830,00;101,22
1829,00;101,22
1828,00;101,22
1827,00;101,22
1826,00;101,21
1825,00;101,21
1824,00;101,21
1823,00;101,20
1822,00;101,20
1821,00;101,20
1820,00;101,21
1819,00;101,22
1818,00;101,25
1817,00;101,27
1816,00;101,27
1815,00;101,26
1814,00;101,24
1813,00;101,21
1812,00;101,20
1811,00;101,19
1810,00;101,19
1809,00;101,18
1808,00;101,18
1807,00;101,17
1806,00;101,17
1805,00;101,16
1804,00;101,16
1803,00;101,16
1802,00;101,15
1801,00;101,15
1800,00;101,16
1799,00;101,16
1798,00;101,16
1797,00;101,15
1796,00;101,15
1795,00;101,15
1794,00;101,15
1793,00;101,15
1792,00;101,15
1791,00;101,15
1790,00;101,15
1789,00;101,15
1788,00;101,15
1787,00;101,15
1786,00;101,15
1785,00;101,15
1784,00;101,14
1783,00;101,14
1782,00;101,14
1781,00;101,14
1780,00;101,15
1779,00;101,16
1778,00;101,16
1777,00;101,16
1776,00;101,16
1775,00;101,16
1774,00;101,16
1773,00;101,15
1772,00;101,15
1771,00;101,15
1770,00;101,15
1769,00;101,15
1768,00;101,15
1767,00;101,15
1766,00;101,14
1765,00;101,14
1764,00;101,14
1763,00;101,14
1762,00;101,13
1761,00;101,13
1760,00;101,13
1759,00;101,13
1758,00;101,13
1757,00;101,13
1756,00;101,13
1755,00;101,12
1754,00;101,12
1753,00;101,12
1752,00;101,12
1751,00;101,11
1750,00;101,11
1749,00;101,11
1748,00;101,11
1747,00;101,12
1746,00;101,11
1745,00;101,11
1744,00;101,10
1743,00;101,10
1742,00;101,10
1741,00;101,10
1740,00;101,09
1739,00;101,09
1738,00;101,09
1737,00;101,09
1736,00;101,09
1735,00;101,08
1734,00;101,07
1733,00;101,07
1732,00;101,07
1731,00;101,07
1730,00;101,08
1729,00;101,07
1728,00;101,07
1727,00;101,06
1726,00;101,06
1725,00;101,06
1724,00;101,05
1723,00;101,05
1722,00;101,05
1721,00;101,04
1720,00;101,04
1719,00;101,03
1718,00;101,02
1717,00;101,02
1716,00;101,02
1715,00;101,02
1714,00;101,02
1713,00;101,03
1712,00;101,03
1711,00;101,02
1710,00;101,02
1709,00;101,01
1708,00;101,00
1707,00;100,99
1706,00;100,99
1705,00;100,98
1704,00;100,98
1703,00;100,98
1702,00;100,98
1701,00;100,96
1700,00;100,94
1699,00;100,93
1698,00;100,93
1697,00;100,95
1696,00;100,95
1695,00;100,93
1694,00;100,92
1693,00;100,91
1692,00;100,91
1691,00;100,90
1690,00;100,89
1689,00;100,88
1688,00;100,88
1687,00;100,88
1686,00;100,87
1685,00;100,85
1684,00;100,83
1683,00;100,82
1682,00;100,82
1681,00;100,82
1680,00;100,82
1679,00;100,81
1678,00;100,80
1677,00;100,79
1676,00;100,78
1675,00;100,76
1674,00;100,74
1673,00;100,73
1672,00;100,73
1671,00;100,72
1670,00;100,71
1669,00;100,70
1668,00;100,69
1667,00;100,68
1666,00;100,67
1665,00;100,66
1664,00;100,64
1663,00;100,62
1662,00;100,60
1661,00;100,59
1660,00;100,58
1659,00;100,56
1658,00;100,55
1657,00;100,54
1656,00;100,53
1655,00;100,53
1654,00;100,51
1653,00;100,48
1652,00;100,44
1651,00;100,41
1650,00;100,40
1649,00;100,40
1648,00;100,39
1647,00;100,37
1646,00;100,34
1645,00;100,32
1644,00;100,30
1643,00;100,28
1642,00;100,27
1641,00;100,25
1640,00;100,23
1639,00;100,21
1638,00;100,20
1637,00;100,19
1636,00;100,17
1635,00;100,15
1634,00;100,14
1633,00;100,12
1632,00;100,12
1631,00;100,11
1630,00;100,10
1629,00;100,09
1628,00;100,08
1627,00;100,08
1626,00;100,08
1625,00;100,07
1624,00;100,07
1623,00;100,07
1622,00;100,07
1621,00;100,08
1620,00;100,09
1619,00;100,10
1618,00;100,11
1617,00;100,12
1616,00;100,12
1615,00;100,13
1614,00;100,14
1613,00;100,17
1612,00;100,19
1611,00;100,21
1610,00;100,24
1609,00;100,27
1608,00;100,30
1607,00;100,32
1606,00;100,35
1605,00;100,38
1604,00;100,41
1603,00;100,44
1602,00;100,47
1601,00;100,49
1600,00;100,51
1599,00;100,54
1598,00;100,56
1597,00;100,58
1596,00;100,59
1595,00;100,61
1594,00;100,63
1593,00;100,65
1592,00;100,66
1591,00;100,67
1590,00;100,69
1589,00;100,70
1588,00;100,71
1587,00;100,72
1586,00;100,73
1585,00;100,74
1584,00;100,75
1583,00;100,76
1582,00;100,77
1581,00;100,78
1580,00;100,78
1579,00;100,79
1578,00;100,80
1577,00;100,81
1576,00;100,81
1575,00;100,82
1574,00;100,82
1573,00;100,83
1572,00;100,83
1571,00;100,83
1570,00;100,83
1569,00;100,84
1568,00;100,84
1567,00;100,85
1566,00;100,86
1565,00;100,86
1564,00;100,87
1563,00;100,88
1562,00;100,89
1561,00;100,89
1560,00;100,87
1559,00;100,88
1558,00;100,91
1557,00;100,91
1556,00;100,90
1555,00;100,90
1554,00;100,90
1553,00;100,89
1552,00;100,89
1551,00;100,89
1550,00;100,89
1549,00;100,89
1548,00;100,89
1547,00;100,89
1546,00;100,89
1545,00;100,88
1544,00;100,88
1543,00;100,88
1542,00;100,89
1541,00;100,90
1540,00;100,92
1539,00;100,92
1538,00;100,91
1537,00;100,90
1536,00;100,89
1535,00;100,89
1534,00;100,88
1533,00;100,88
1532,00;100,88
1531,00;100,88
1530,00;100,88
1529,00;100,87
1528,00;100,87
1527,00;100,87
1526,00;100,87
1525,00;100,87
1524,00;100,87
1523,00;100,87
1522,00;100,87
1521,00;100,87
1520,00;100,86
1519,00;100,86
1518,00;100,86
1517,00;100,86
1516,00;100,86
1515,00;100,86
1514,00;100,85
1513,00;100,85
1512,00;100,84
1511,00;100,83
1510,00;100,83
1509,00;100,82
1508,00;100,82
1507,00;100,83
1506,00;100,85
1505,00;100,84
1504,00;100,83
1503,00;100,82
1502,00;100,82
1501,00;100,82
1500,00;100,81
1499,00;100,81
1498,00;100,80
1497,00;100,80
1496,00;100,79
1495,00;100,78
1494,00;100,78
1493,00;100,77
1492,00;100,76
1491,00;100,74
1490,00;100,72
1489,00;100,71
1488,00;100,70
1487,00;100,69
1486,00;100,67
1485,00;100,66
1484,00;100,64
1483,00;100,63
1482,00;100,62
1481,00;100,62
1480,00;100,62
1479,00;100,62
1478,00;100,62
1477,00;100,62
1476,00;100,62
1475,00;100,62
1474,00;100,61
1473,00;100,60
1472,00;100,58
1471,00;100,56
1470,00;100,54
1469,00;100,52
1468,00;100,49
1467,00;100,45
1466,00;100,39
1465,00;100,31
1464,00;100,22
1463,00;100,13
1462,00;100,04
1461,00;99,94
1460,00;99,83
1459,00;99,69
1458,00;99,48
1457,00;99,21
1456,00;98,97
1455,00;98,84
1454,00;98,80
1453,00;98,81
1452,00;98,85
1451,00;98,90
1450,00;98,95
1449,00;98,97
1448,00;98,95
1447,00;98,89
1446,00;98,80
1445,00;98,70
1444,00;98,61
1443,00;98,55
1442,00;98,53
1441,00;98,57
1440,00;98,64
1439,00;98,74
1438,00;98,84
1437,00;98,92
1436,00;98,99
1435,00;99,03
1434,00;99,04
1433,00;99,04
1432,00;99,02
1431,00;99,00
1430,00;98,98
1429,00;98,97
1428,00;98,98
1427,00;99,01
1426,00;99,06
1425,00;99,12
1424,00;99,20
1423,00;99,29
1422,00;99,37
1421,00;99,43
1420,00;99,46
1419,00;99,46
1418,00;99,44
1417,00;99,39
1416,00;99,33
1415,00;99,24
1414,00;99,14
1413,00;99,01
1412,00;98,88
1411,00;98,76
1410,00;98,66
1409,00;98,59
1408,00;98,54
1407,00;98,53
1406,00;98,54
1405,00;98,59
1404,00;98,65
1403,00;98,74
1402,00;98,83
1401,00;98,93
1400,00;99,04
1399,00;99,16
1398,00;99,27
1397,00;99,37
1396,00;99,46
1395,00;99,54
1394,00;99,62
1393,00;99,69
1392,00;99,75
1391,00;99,81
1390,00;99,87
1389,00;99,93
1388,00;99,99
1387,00;100,05
1386,00;100,11
1385,00;100,16
1384,00;100,20
1383,00;100,24
1382,00;100,27
1381,00;100,29
1380,00;100,31
1379,00;100,33
1378,00;100,34
1377,00;100,35
1376,00;100,35
1375,00;100,36
1374,00;100,35
1373,00;100,35
1372,00;100,34
1371,00;100,33
1370,00;100,31
1369,00;100,29
1368,00;100,28
1367,00;100,27
1366,00;100,27
1365,00;100,28
1364,00;100,29
1363,00;100,30
1362,00;100,30
1361,00;100,30
1360,00;100,29
1359,00;100,26
1358,00;100,23
1357,00;100,18
1356,00;100,12
1355,00;100,05
1354,00;99,95
1353,00;99,83
1352,00;99,69
1351,00;99,54
1350,00;99,36
1349,00;99,18
1348,00;99,00
1347,00;98,84
1346,00;98,72
1345,00;98,65
1344,00;98,63
1343,00;98,67
1342,00;98,76
1341,00;98,89
1340,00;99,04
1339,00;99,21
1338,00;99,36
1337,00;99,50
1336,00;99,61
1335,00;99,71
1334,00;99,79
1333,00;99,87
1332,00;99,93
1331,00;99,99
1330,00;100,03
1329,00;100,06
1328,00;100,07
1327,00;100,08
1326,00;100,08
1325,00;100,07
1324,00;100,05
1323,00;100,02
1322,00;99,98
1321,00;99,93
1320,00;99,86
1319,00;99,78
1318,00;99,67
1317,00;99,55
1316,00;99,41
1315,00;99,25
1314,00;99,08
1313,00;98,90
1312,00;98,73
1311,00;98,58
1310,00;98,45
1309,00;98,35
1308,00;98,29
1307,00;98,25
1306,00;98,24
1305,00;98,26
1304,00;98,30
1303,00;98,36
1302,00;98,43
1301,00;98,51
1300,00;98,61
1299,00;98,70
1298,00;98,80
1297,00;98,88
1296,00;98,97
1295,00;99,04
1294,00;99,10
1293,00;99,16
1292,00;99,20
1291,00;99,24
1290,00;99,27
1289,00;99,28
1288,00;99,28
1287,00;99,27
1286,00;99,25
1285,00;99,22
1284,00;99,18
1283,00;99,13
1282,00;99,06
1281,00;98,99
1280,00;98,90
1279,00;98,80
1278,00;98,68
1277,00;98,53
1276,00;98,36
1275,00;98,15
1274,00;97,92
1273,00;97,64
1272,00;97,31
1271,00;96,93
1270,00;96,51
1269,00;96,05
1268,00;95,56
1267,00;95,05
1266,00;94,55
1265,00;94,07
1264,00;93,64
1263,00;93,26
1262,00;92,97
1261,00;92,76
1260,00;92,64
1259,00;92,60
1258,00;92,63
1257,00;92,70
1256,00;92,78
1255,00;92,86
1254,00;92,92
1253,00;92,94
1252,00;92,92
1251,00;92,86
1250,00;92,77
1249,00;92,64
1248,00;92,47
1247,00;92,28
1246,00;92,07
1245,00;91,84
1244,00;91,61
1243,00;91,38
1242,00;91,17
1241,00;91,01
1240,00;90,89
1239,00;90,83
1238,00;90,83
1237,00;90,89
1236,00;90,97
1235,00;91,08
1234,00;91,20
1233,00;91,31
1232,00;91,38
1231,00;91,42
1230,00;91,42
1229,00;91,38
1228,00;91,30
1227,00;91,19
1226,00;91,05
1225,00;90,88
1224,00;90,68
1223,00;90,45
1222,00;90,21
1221,00;89,95
1220,00;89,67
1219,00;89,38
1218,00;89,07
1217,00;88,75
1216,00;88,41
1215,00;88,06
1214,00;87,70
1213,00;87,32
1212,00;86,93
1211,00;86,53
1210,00;86,12
1209,00;85,69
1208,00;85,25
1207,00;84,79
1206,00;84,33
1205,00;83,85
1204,00;83,36
1203,00;82,85
1202,00;82,32
1201,00;81,78
1200,00;81,21
1199,00;80,63
1198,00;80,03
1197,00;79,41
1196,00;78,78
1195,00;78,13
1194,00;77,49
1193,00;76,85
1192,00;76,21
1191,00;75,59
1190,00;75,01
1189,00;74,48
1188,00;73,98
1187,00;73,54
1186,00;73,16
1185,00;72,83
1184,00;72,53
1183,00;72,27
1182,00;72,04
1181,00;71,82
1180,00;71,59
1179,00;71,35
1178,00;71,11
1177,00;70,85
1176,00;70,56
1175,00;70,25
1174,00;69,93
1173,00;69,59
1172,00;69,23
1171,00;68,86
1170,00;68,49
1169,00;68,12
1168,00;67,75
1167,00;67,38
1166,00;67,03
1165,00;66,69
1164,00;66,36
1163,00;66,03
1162,00;65,72
1161,00;65,41
1160,00;65,09
1159,00;64,77
1158,00;64,45
1157,00;64,12
1156,00;63,78
1155,00;63,42
1154,00;63,07
1153,00;62,71
1152,00;62,32
1151,00;61,93
1150,00;61,54
1149,00;61,15
1148,00;60,74
1147,00;60,32
1146,00;59,92
1145,00;59,51
1144,00;59,09
1143,00;58,67
1142,00;58,27
1141,00;57,87
1140,00;57,47
1139,00;57,07
1138,00;56,69
1137,00;56,31
1136,00;55,93
1135,00;55,56
1134,00;55,22
1133,00;54,88
1132,00;54,54
1131,00;54,21
1130,00;53,90
1129,00;53,60
1128,00;53,29
1127,00;52,99
1126,00;52,72
1125,00;52,44
1124,00;52,16
1123,00;51,89
1122,00;51,64
1121,00;51,39
1120,00;51,12
1119,00;50,86
1118,00;50,60
1117,00;50,34
1116,00;50,06
1115,00;49,76
1114,00;49,47
1113,00;49,17
1112,00;48,83
1111,00;48,48
1110,00;48,13
1109,00;47,78
1108,00;47,40
1107,00;47,02
1106,00;46,65
1105,00;46,28
1104,00;45,89
1103,00;45,51
1102,00;45,16
1101,00;44,83
1100,00;44,48
1099,00;44,16
1098,00;43,87
1097,00;43,59
1096,00;43,31
1095,00;43,04
1094,00;42,81
1093,00;42,58
1092,00;42,35
1091,00;42,13
1090,00;41,94
1089,00;41,74
1088,00;41,53
1087,00;41,32
1086,00;41,12
1085,00;40,91
1084,00;40,68
1083,00;40,43
1082,00;40,20
1081,00;39,95
1080,00;39,67
1079,00;39,39
1078,00;39,12
1077,00;38,83
1076,00;38,53
1075,00;38,22
1074,00;37,93
1073,00;37,63
1072,00;37,32
1071,00;37,01
1070,00;36,72
1069,00;36,43
1068,00;36,12
1067,00;35,82
1066,00;35,54
1065,00;35,26
1064,00;34,96
1063,00;34,68
1062,00;34,42
1061,00;34,16
1060,00;33,89
1059,00;33,63
1058,00;33,40
1057,00;33,18
1056,00;32,94
1055,00;32,71
1054,00;32,51
1053,00;32,32
1052,00;32,10
1051,00;31,88
1050,00;31,69
1049,00;31,49
1048,00;31,27
1047,00;31,05
1046,00;30,85
1045,00;30,65
1044,00;30,43
1043,00;30,23
1042,00;30,06
1041,00;29,91
1040,00;29,76
1039,00;29,65
1038,00;29,60
1037,00;29,57
1036,00;29,58
1035,00;29,62
1034,00;29,74
1033,00;29,89
1032,00;30,07
1031,00;30,30
1030,00;30,60
1029,00;30,94
1028,00;31,32
1027,00;31,76
1026,00;32,28
1025,00;32,84
1024,00;33,44
1023,00;34,10
1022,00;34,84
1021,00;35,62
1020,00;36,43
1019,00;37,28
1018,00;38,18
1017,00;39,10
1016,00;40,01
1015,00;40,92
1014,00;41,83
1013,00;42,71
1012,00;43,54
1011,00;44,33
1010,00;45,09
1009,00;45,82
1008,00;46,51
1007,00;47,18
1006,00;47,87
1005,00;48,58
1004,00;49,31
1003,00;50,10
1002,00;50,98
1001,00;51,93
1000,00;52,97
999,00;54,08
998,00;55,29
997,00;56,55
996,00;57,85
995,00;59,18
994,00;60,51
993,00;61,82
992,00;63,06
991,00;64,23
990,00;65,32
989,00;66,30
988,00;67,18
987,00;67,97
986,00;68,68
985,00;69,31
984,00;69,89
983,00;70,42
982,00;70,93
981,00;71,42
980,00;71,89
979,00;72,37
978,00;72,85
977,00;73,31
976,00;73,76
975,00;74,20
974,00;74,62
973,00;75,01
972,00;75,37
971,00;75,69
970,00;75,99
969,00;76,25
968,00;76,47
967,00;76,66
966,00;76,83
965,00;76,98
964,00;77,11
963,00;77,23
962,00;77,35
961,00;77,46
960,00;77,57
959,00;77,69
958,00;77,81
957,00;77,95
956,00;78,08
955,00;78,22
954,00;78,38
953,00;78,54
952,00;78,71
951,00;78,88
950,00;79,06
949,00;79,24
948,00;79,42
947,00;79,61
946,00;79,79
945,00;79,98
944,00;80,16
943,00;80,33
942,00;80,50
941,00;80,66
940,00;80,80
939,00;80,93
938,00;81,03
937,00;81,11
936,00;81,16
935,00;81,19
934,00;81,20
933,00;81,18
932,00;81,14
931,00;81,08
930,00;81,01
929,00;80,93
928,00;80,85
927,00;80,78
926,00;80,73
925,00;80,69
924,00;80,68
923,00;80,69
922,00;80,74
921,00;80,82
920,00;80,92
919,00;81,06
918,00;81,23
917,00;81,43
916,00;81,64
915,00;81,87
914,00;82,11
913,00;82,36
912,00;82,61
911,00;82,86
910,00;83,10
909,00;83,35
908,00;83,58
907,00;83,81
906,00;84,03
905,00;84,24
904,00;84,43
903,00;84,62
902,00;84,80
901,00;84,97
900,00;85,13
899,00;85,27
898,00;85,41
897,00;85,54
896,00;85,66
895,00;85,78
894,00;85,90
893,00;86,01
892,00;86,11
891,00;86,22
890,00;86,33
889,00;86,43
888,00;86,52
887,00;86,62
886,00;86,71
885,00;86,81
884,00;86,90
883,00;86,99
882,00;87,09
881,00;87,19
880,00;87,28
879,00;87,38
878,00;87,48
877,00;87,58
876,00;87,67
875,00;87,75
874,00;87,84
873,00;87,92
872,00;87,99
871,00;88,05
870,00;88,11
869,00;88,17
868,00;88,22
867,00;88,28
866,00;88,35
865,00;88,43
864,00;88,51
863,00;88,61
862,00;88,73
861,00;88,86
860,00;88,99
859,00;89,14
858,00;89,29
857,00;89,44
856,00;89,59
855,00;89,72
854,00;89,85
853,00;89,97
852,00;90,08
851,00;90,17
850,00;90,25
849,00;90,31
848,00;90,35
847,00;90,38
846,00;90,40
845,00;90,39
844,00;90,36
843,00;90,30
842,00;90,22
841,00;90,11
840,00;89,96
839,00;89,78
838,00;89,56
837,00;89,30
836,00;88,99
835,00;88,64
834,00;88,23
833,00;87,76
832,00;87,24
831,00;86,66
830,00;86,05
829,00;85,39
828,00;84,69
827,00;83,97
826,00;83,22
825,00;82,45
824,00;81,68
823,00;80,92
822,00;80,17
821,00;79,45
820,00;78,75
819,00;78,07
818,00;77,44
817,00;76,83
816,00;76,26
815,00;75,73
814,00;75,24
813,00;74,80
812,00;74,40
811,00;74,05
810,00;73,74
809,00;73,48
808,00;73,25
807,00;73,06
806,00;72,91
805,00;72,78
804,00;72,67
803,00;72,59
802,00;72,55
801,00;72,52
800,00;72,52
799,00;72,53
798,00;72,56
797,00;72,62
796,00;72,68
795,00;72,76
794,00;72,85
793,00;72,95
792,00;73,05
791,00;73,16
790,00;73,29
789,00;73,43
788,00;73,57
787,00;73,72
786,00;73,88
785,00;74,06
784,00;74,23
783,00;74,42
782,00;74,62
781,00;74,83
780,00;75,05
779,00;75,28
778,00;75,52
777,00;75,78
776,00;76,03
775,00;76,28
774,00;76,53
773,00;76,79
772,00;77,03
771,00;77,26
770,00;77,49
769,00;77,70
768,00;77,89
767,00;78,08
766,00;78,25
765,00;78,41
764,00;78,56
763,00;78,70
762,00;78,82
761,00;78,94
760,00;79,04
759,00;79,13
758,00;79,21
757,00;79,29
756,00;79,35
755,00;79,41
754,00;79,48
753,00;79,53
752,00;79,59
751,00;79,66
750,00;79,73
749,00;79,80
748,00;79,86
747,00;79,94
746,00;80,02
745,00;80,12
744,00;80,22
743,00;80,32
742,00;80,44
741,00;80,56
740,00;80,69
739,00;80,83
738,00;80,98
737,00;81,14
736,00;81,29
735,00;81,45
734,00;81,63
733,00;81,80
732,00;81,98
731,00;82,14
730,00;82,29
729,00;82,42
728,00;82,54
727,00;82,65
726,00;82,75
725,00;82,84
724,00;82,91
723,00;82,95
722,00;82,98
721,00;82,99
720,00;82,98
719,00;82,95
718,00;82,91
717,00;82,84
716,00;82,76
715,00;82,65
714,00;82,54
713,00;82,41
712,00;82,27
711,00;82,11
710,00;81,93
709,00;81,73
708,00;81,51
707,00;81,26
706,00;80,99
705,00;80,70
704,00;80,39
703,00;80,05
702,00;79,69
701,00;79,31
700,00;78,91
699,00;78,50
698,00;78,11
697,00;77,73
696,00;77,36
695,00;77,04
694,00;76,75
693,00;76,52
692,00;76,34
691,00;76,23
690,00;76,19
689,00;76,22
688,00;76,32
687,00;76,49
686,00;76,73
685,00;77,01
684,00;77,33
683,00;77,67
682,00;78,01
681,00;78,34
680,00;78,67
679,00;78,99
678,00;79,32
677,00;79,64
676,00;79,94
675,00;80,24
674,00;80,54
673,00;80,84
672,00;81,14
671,00;81,45
670,00;81,77
669,00;82,11
668,00;82,48
667,00;82,81
666,00;83,06
665,00;83,28
664,00;83,50
663,00;83,73
662,00;83,94
661,00;84,13
660,00;84,29
659,00;84,41
658,00;84,52
657,00;84,60
656,00;84,66
655,00;84,71
654,00;84,76
653,00;84,82
652,00;84,88
651,00;84,96
650,00;85,04
649,00;85,13
648,00;85,24
647,00;85,36
646,00;85,49
645,00;85,62
644,00;85,74
643,00;85,85
642,00;85,96
641,00;86,05
640,00;86,13
639,00;86,19
638,00;86,23
637,00;86,25
636,00;86,27
635,00;86,27
634,00;86,26
633,00;86,23
632,00;86,17
631,00;86,11
630,00;86,05
629,00;86,00
628,00;85,96
627,00;85,91
626,00;85,84
625,00;85,76
624,00;85,66
623,00;85,58
622,00;85,50
621,00;85,43
620,00;85,34
619,00;85,23
618,00;85,12
617,00;84,99
616,00;84,87
615,00;84,75
614,00;84,64
613,00;84,52
612,00;84,39
611,00;84,25
610,00;84,12
609,00;84,00
608,00;83,86
607,00;83,73
606,00;83,59
605,00;83,45
604,00;83,29
603,00;83,14
602,00;83,00
601,00;82,86
600,00;82,71
599,00;82,56
598,00;82,43
597,00;82,30
596,00;82,16
595,00;82,01
594,00;81,87
593,00;81,73
592,00;81,58
591,00;81,45
590,00;81,35
589,00;81,24
588,00;81,09
587,00;80,93
586,00;80,78
585,00;80,62
584,00;80,45
583,00;80,28
582,00;80,14
581,00;80,01
580,00;79,86
579,00;79,73
578,00;79,63
577,00;79,53
576,00;79,40
575,00;79,29
574,00;79,22
573,00;79,15
572,00;79,04
571,00;78,90
570,00;78,79
569,00;78,69
568,00;78,56
567,00;78,44
566,00;78,37
565,00;78,32
564,00;78,26
563,00;78,22
562,00;78,22
561,00;78,21
560,00;78,14
559,00;78,06
558,00;78,00
557,00;77,97
556,00;77,92
555,00;77,91
554,00;77,95
553,00;78,01
552,00;78,06
551,00;78,13
550,00;78,26
549,00;78,36
548,00;78,40
547,00;78,42
546,00;78,48
545,00;78,54
544,00;78,56
543,00;78,59
542,00;78,65
541,00;78,70
540,00;78,72
539,00;78,81
538,00;79,05
537,00;79,36
536,00;79,60
535,00;79,79
534,00;79,95
533,00;80,02
532,00;79,99
531,00;79,98
530,00;80,09
529,00;80,26
528,00;80,38
527,00;80,50
526,00;80,68
525,00;80,85
524,00;80,91
523,00;80,94
522,00;81,03
521,00;81,10
520,00;81,07
519,00;81,07
518,00;81,21
517,00;81,31
516,00;81,17
515,00;80,85
514,00;80,60
513,00;80,45
512,00;80,37
511,00;80,42
510,00;80,64
509,00;80,76
508,00;80,55
507,00;80,18
506,00;79,90
505,00;79,54
504,00;78,85
503,00;78,17
502,00;78,07
501,00;78,34
500,00;78,35
