Criado como novo conjunto de dados;Amostra 016 por Analyst data segunda-feira, outubro 28 2024
cm-1;%T
4000,00;99,98
3999,00;99,98
3998,00;99,98
3997,00;99,98
3996,00;99,98
3995,00;99,98
3994,00;99,98
3993,00;99,98
3992,00;99,99
3991,00;99,99
3990,00;99,99
3989,00;99,99
3988,00;99,99
3987,00;99,99
3986,00;99,99
3985,00;99,99
3984,00;99,99
3983,00;99,99
3982,00;99,99
3981,00;99,99
3980,00;99,99
3979,00;99,99
3978,00;99,99
3977,00;100,00
3976,00;100,00
3975,00;100,00
3974,00;100,00
3973,00;100,00
3972,00;100,00
3971,00;100,00
3970,00;100,00
3969,00;100,00
3968,00;100,00
3967,00;100,00
3966,00;100,00
3965,00;100,00
3964,00;100,00
3963,00;100,00
3962,00;100,00
3961,00;100,00
3960,00;100,00
3959,00;100,00
3958,00;100,00
3957,00;100,00
3956,00;100,00
3955,00;100,01
3954,00;100,01
3953,00;100,01
3952,00;100,01
3951,00;100,01
3950,00;100,01
3949,00;100,01
3948,00;100,02
3947,00;100,02
3946,00;100,02
3945,00;100,02
3944,00;100,02
3943,00;100,02
3942,00;100,02
3941,00;100,02
3940,00;100,02
3939,00;100,02
3938,00;100,02
3937,00;100,02
3936,00;100,02
3935,00;100,01
3934,00;100,01
3933,00;100,02
3932,00;100,02
3931,00;100,03
3930,00;100,04
3929,00;100,04
3928,00;100,04
3927,00;100,04
3926,00;100,04
3925,00;100,04
3924,00;100,04
3923,00;100,04
3922,00;100,04
3921,00;100,04
3920,00;100,04
3919,00;100,04
3918,00;100,04
3917,00;100,05
3916,00;100,06
3915,00;100,06
3914,00;100,06
3913,00;100,05
3912,00;100,05
3911,00;100,05
3910,00;100,04
3909,00;100,04
3908,00;100,04
3907,00;100,04
3906,00;100,05
3905,00;100,05
3904,00;100,06
3903,00;100,06
3902,00;100,08
3901,00;100,09
3900,00;100,10
3899,00;100,10
3898,00;100,10
3897,00;100,09
3896,00;100,08
3895,00;100,07
3894,00;100,07
3893,00;100,07
3892,00;100,08
3891,00;100,08
3890,00;100,07
3889,00;100,07
3888,00;100,07
3887,00;100,08
3886,00;100,08
3885,00;100,07
3884,00;100,07
3883,00;100,08
3882,00;100,10
3881,00;100,11
3880,00;100,11
3879,00;100,10
3878,00;100,10
3877,00;100,09
3876,00;100,10
3875,00;100,09
3874,00;100,09
3873,00;100,09
3872,00;100,10
3871,00;100,12
3870,00;100,12
3869,00;100,11
3868,00;100,11
3867,00;100,12
3866,00;100,12
3865,00;100,12
3864,00;100,11
3863,00;100,12
3862,00;100,12
3861,00;100,12
3860,00;100,12
3859,00;100,11
3858,00;100,10
3857,00;100,11
3856,00;100,13
3855,00;100,13
3854,00;100,12
3853,00;100,11
3852,00;100,13
3851,00;100,14
3850,00;100,15
3849,00;100,14
3848,00;100,13
3847,00;100,12
3846,00;100,11
3845,00;100,11
3844,00;100,11
3843,00;100,11
3842,00;100,11
3841,00;100,11
3840,00;100,13
3839,00;100,14
3838,00;100,15
3837,00;100,15
3836,00;100,15
3835,00;100,15
3834,00;100,15
3833,00;100,15
3832,00;100,15
3831,00;100,14
3830,00;100,14
3829,00;100,13
3828,00;100,13
3827,00;100,13
3826,00;100,13
3825,00;100,12
3824,00;100,13
3823,00;100,14
3822,00;100,15
3821,00;100,15
3820,00;100,15
3819,00;100,15
3818,00;100,16
3817,00;100,17
3816,00;100,16
3815,00;100,15
3814,00;100,14
3813,00;100,14
3812,00;100,14
3811,00;100,14
3810,00;100,13
3809,00;100,14
3808,00;100,15
3807,00;100,15
3806,00;100,14
3805,00;100,14
3804,00;100,15
3803,00;100,17
3802,00;100,18
3801,00;100,17
3800,00;100,17
3799,00;100,17
3798,00;100,18
3797,00;100,18
3796,00;100,18
3795,00;100,17
3794,00;100,16
3793,00;100,16
3792,00;100,15
3791,00;100,14
3790,00;100,14
3789,00;100,14
3788,00;100,14
3787,00;100,14
3786,00;100,14
3785,00;100,15
3784,00;100,15
3783,00;100,15
3782,00;100,15
3781,00;100,16
3780,00;100,16
3779,00;100,16
3778,00;100,16
3777,00;100,17
3776,00;100,17
3775,00;100,16
3774,00;100,16
3773,00;100,15
3772,00;100,16
3771,00;100,16
3770,00;100,16
3769,00;100,16
3768,00;100,17
3767,00;100,18
3766,00;100,18
3765,00;100,18
3764,00;100,18
3763,00;100,17
3762,00;100,17
3761,00;100,17
3760,00;100,17
3759,00;100,17
3758,00;100,18
3757,00;100,18
3756,00;100,18
3755,00;100,19
3754,00;100,19
3753,00;100,19
3752,00;100,18
3751,00;100,19
3750,00;100,21
3749,00;100,21
3748,00;100,21
3747,00;100,21
3746,00;100,23
3745,00;100,23
3744,00;100,22
3743,00;100,20
3742,00;100,20
3741,00;100,20
3740,00;100,20
3739,00;100,19
3738,00;100,18
3737,00;100,18
3736,00;100,18
3735,00;100,20
3734,00;100,22
3733,00;100,24
3732,00;100,24
3731,00;100,22
3730,00;100,20
3729,00;100,19
3728,00;100,19
3727,00;100,19
3726,00;100,18
3725,00;100,18
3724,00;100,19
3723,00;100,20
3722,00;100,20
3721,00;100,20
3720,00;100,20
3719,00;100,20
3718,00;100,20
3717,00;100,19
3716,00;100,18
3715,00;100,18
3714,00;100,18
3713,00;100,18
3712,00;100,18
3711,00;100,18
3710,00;100,20
3709,00;100,20
3708,00;100,20
3707,00;100,19
3706,00;100,17
3705,00;100,16
3704,00;100,16
3703,00;100,16
3702,00;100,15
3701,00;100,15
3700,00;100,15
3699,00;100,14
3698,00;100,13
3697,00;100,12
3696,00;100,11
3695,00;100,10
3694,00;100,10
3693,00;100,10
3692,00;100,10
3691,00;100,10
3690,00;100,10
3689,00;100,10
3688,00;100,09
3687,00;100,08
3686,00;100,06
3685,00;100,05
3684,00;100,04
3683,00;100,02
3682,00;100,00
3681,00;99,99
3680,00;99,98
3679,00;99,98
3678,00;99,97
3677,00;99,98
3676,00;99,98
3675,00;99,97
3674,00;99,95
3673,00;99,94
3672,00;99,93
3671,00;99,92
3670,00;99,90
3669,00;99,87
3668,00;99,86
3667,00;99,84
3666,00;99,82
3665,00;99,79
3664,00;99,77
3663,00;99,75
3662,00;99,74
3661,00;99,72
3660,00;99,71
3659,00;99,70
3658,00;99,70
3657,00;99,69
3656,00;99,68
3655,00;99,67
3654,00;99,66
3653,00;99,67
3652,00;99,67
3651,00;99,66
3650,00;99,64
3649,00;99,63
3648,00;99,63
3647,00;99,63
3646,00;99,62
3645,00;99,59
3644,00;99,57
3643,00;99,56
3642,00;99,54
3641,00;99,53
3640,00;99,52
3639,00;99,52
3638,00;99,51
3637,00;99,50
3636,00;99,49
3635,00;99,49
3634,00;99,48
3633,00;99,48
3632,00;99,48
3631,00;99,50
3630,00;99,50
3629,00;99,49
3628,00;99,47
3627,00;99,45
3626,00;99,44
3625,00;99,43
3624,00;99,43
3623,00;99,42
3622,00;99,42
3621,00;99,42
3620,00;99,41
3619,00;99,41
3618,00;99,40
3617,00;99,39
3616,00;99,39
3615,00;99,39
3614,00;99,38
3613,00;99,37
3612,00;99,37
3611,00;99,36
3610,00;99,35
3609,00;99,35
3608,00;99,34
3607,00;99,33
3606,00;99,32
3605,00;99,31
3604,00;99,30
3603,00;99,29
3602,00;99,28
3601,00;99,27
3600,00;99,26
3599,00;99,26
3598,00;99,26
3597,00;99,26
3596,00;99,26
3595,00;99,25
3594,00;99,25
3593,00;99,24
3592,00;99,23
3591,00;99,23
3590,00;99,23
3589,00;99,23
3588,00;99,22
3587,00;99,21
3586,00;99,20
3585,00;99,19
3584,00;99,18
3583,00;99,17
3582,00;99,16
3581,00;99,15
3580,00;99,15
3579,00;99,14
3578,00;99,14
3577,00;99,13
3576,00;99,12
3575,00;99,11
3574,00;99,11
3573,00;99,10
3572,00;99,09
3571,00;99,08
3570,00;99,08
3569,00;99,08
3568,00;99,07
3567,00;99,06
3566,00;99,06
3565,00;99,05
3564,00;99,04
3563,00;99,02
3562,00;99,01
3561,00;99,00
3560,00;98,98
3559,00;98,97
3558,00;98,97
3557,00;98,96
3556,00;98,95
3555,00;98,94
3554,00;98,94
3553,00;98,93
3552,00;98,91
3551,00;98,90
3550,00;98,89
3549,00;98,89
3548,00;98,88
3547,00;98,87
3546,00;98,85
3545,00;98,84
3544,00;98,83
3543,00;98,82
3542,00;98,81
3541,00;98,80
3540,00;98,80
3539,00;98,79
3538,00;98,78
3537,00;98,77
3536,00;98,76
3535,00;98,75
3534,00;98,75
3533,00;98,74
3532,00;98,74
3531,00;98,73
3530,00;98,72
3529,00;98,72
3528,00;98,71
3527,00;98,70
3526,00;98,68
3525,00;98,67
3524,00;98,65
3523,00;98,64
3522,00;98,63
3521,00;98,62
3520,00;98,62
3519,00;98,61
3518,00;98,60
3517,00;98,58
3516,00;98,57
3515,00;98,56
3514,00;98,55
3513,00;98,54
3512,00;98,54
3511,00;98,54
3510,00;98,53
3509,00;98,53
3508,00;98,52
3507,00;98,51
3506,00;98,50
3505,00;98,49
3504,00;98,47
3503,00;98,45
3502,00;98,43
3501,00;98,42
3500,00;98,41
3499,00;98,40
3498,00;98,39
3497,00;98,39
3496,00;98,38
3495,00;98,37
3494,00;98,37
3493,00;98,36
3492,00;98,35
3491,00;98,35
3490,00;98,34
3489,00;98,34
3488,00;98,33
3487,00;98,31
3486,00;98,31
3485,00;98,30
3484,00;98,30
3483,00;98,29
3482,00;98,28
3481,00;98,27
3480,00;98,25
3479,00;98,24
3478,00;98,24
3477,00;98,23
3476,00;98,23
3475,00;98,23
3474,00;98,22
3473,00;98,21
3472,00;98,20
3471,00;98,19
3470,00;98,18
3469,00;98,17
3468,00;98,16
3467,00;98,15
3466,00;98,15
3465,00;98,15
3464,00;98,15
3463,00;98,15
3462,00;98,14
3461,00;98,14
3460,00;98,13
3459,00;98,13
3458,00;98,13
3457,00;98,13
3456,00;98,13
3455,00;98,12
3454,00;98,12
3453,00;98,12
3452,00;98,11
3451,00;98,11
3450,00;98,10
3449,00;98,10
3448,00;98,09
3447,00;98,09
3446,00;98,08
3445,00;98,08
3444,00;98,08
3443,00;98,08
3442,00;98,07
3441,00;98,07
3440,00;98,06
3439,00;98,05
3438,00;98,04
3437,00;98,03
3436,00;98,02
3435,00;98,01
3434,00;98,01
3433,00;98,02
3432,00;98,02
3431,00;98,02
3430,00;98,02
3429,00;98,02
3428,00;98,02
3427,00;98,03
3426,00;98,03
3425,00;98,04
3424,00;98,04
3423,00;98,04
3422,00;98,04
3421,00;98,04
3420,00;98,04
3419,00;98,04
3418,00;98,04
3417,00;98,04
3416,00;98,04
3415,00;98,04
3414,00;98,04
3413,00;98,03
3412,00;98,03
3411,00;98,04
3410,00;98,04
3409,00;98,05
3408,00;98,05
3407,00;98,05
3406,00;98,05
3405,00;98,05
3404,00;98,05
3403,00;98,05
3402,00;98,05
3401,00;98,05
3400,00;98,04
3399,00;98,05
3398,00;98,05
3397,00;98,06
3396,00;98,07
3395,00;98,08
3394,00;98,08
3393,00;98,08
3392,00;98,08
3391,00;98,08
3390,00;98,09
3389,00;98,10
3388,00;98,12
3387,00;98,13
3386,00;98,13
3385,00;98,14
3384,00;98,14
3383,00;98,14
3382,00;98,15
3381,00;98,15
3380,00;98,15
3379,00;98,16
3378,00;98,16
3377,00;98,17
3376,00;98,17
3375,00;98,18
3374,00;98,19
3373,00;98,19
3372,00;98,19
3371,00;98,18
3370,00;98,18
3369,00;98,18
3368,00;98,18
3367,00;98,19
3366,00;98,20
3365,00;98,21
3364,00;98,23
3363,00;98,24
3362,00;98,25
3361,00;98,25
3360,00;98,26
3359,00;98,27
3358,00;98,27
3357,00;98,28
3356,00;98,29
3355,00;98,30
3354,00;98,31
3353,00;98,31
3352,00;98,31
3351,00;98,31
3350,00;98,31
3349,00;98,32
3348,00;98,33
3347,00;98,34
3346,00;98,35
3345,00;98,36
3344,00;98,36
3343,00;98,36
3342,00;98,37
3341,00;98,37
3340,00;98,38
3339,00;98,38
3338,00;98,38
3337,00;98,39
3336,00;98,40
3335,00;98,41
3334,00;98,42
3333,00;98,43
3332,00;98,44
3331,00;98,45
3330,00;98,46
3329,00;98,47
3328,00;98,47
3327,00;98,47
3326,00;98,47
3325,00;98,48
3324,00;98,49
3323,00;98,50
3322,00;98,51
3321,00;98,52
3320,00;98,53
3319,00;98,53
3318,00;98,54
3317,00;98,54
3316,00;98,55
3315,00;98,55
3314,00;98,56
3313,00;98,56
3312,00;98,57
3311,00;98,57
3310,00;98,57
3309,00;98,58
3308,00;98,58
3307,00;98,58
3306,00;98,59
3305,00;98,59
3304,00;98,60
3303,00;98,61
3302,00;98,62
3301,00;98,63
3300,00;98,64
3299,00;98,65
3298,00;98,66
3297,00;98,66
3296,00;98,66
3295,00;98,67
3294,00;98,67
3293,00;98,68
3292,00;98,68
3291,00;98,69
3290,00;98,70
3289,00;98,71
3288,00;98,72
3287,00;98,72
3286,00;98,73
3285,00;98,74
3284,00;98,75
3283,00;98,75
3282,00;98,76
3281,00;98,76
3280,00;98,77
3279,00;98,77
3278,00;98,78
3277,00;98,78
3276,00;98,79
3275,00;98,79
3274,00;98,79
3273,00;98,80
3272,00;98,80
3271,00;98,81
3270,00;98,81
3269,00;98,82
3268,00;98,83
3267,00;98,84
3266,00;98,85
3265,00;98,85
3264,00;98,86
3263,00;98,87
3262,00;98,88
3261,00;98,88
3260,00;98,89
3259,00;98,89
3258,00;98,89
3257,00;98,90
3256,00;98,90
3255,00;98,91
3254,00;98,92
3253,00;98,93
3252,00;98,93
3251,00;98,94
3250,00;98,95
3249,00;98,95
3248,00;98,95
3247,00;98,95
3246,00;98,96
3245,00;98,96
3244,00;98,97
3243,00;98,98
3242,00;98,99
3241,00;98,99
3240,00;99,00
3239,00;99,00
3238,00;99,01
3237,00;99,01
3236,00;99,02
3235,00;99,02
3234,00;99,03
3233,00;99,03
3232,00;99,03
3231,00;99,04
3230,00;99,05
3229,00;99,06
3228,00;99,07
3227,00;99,07
3226,00;99,08
3225,00;99,08
3224,00;99,08
3223,00;99,09
3222,00;99,09
3221,00;99,10
3220,00;99,11
3219,00;99,12
3218,00;99,13
3217,00;99,13
3216,00;99,14
3215,00;99,14
3214,00;99,15
3213,00;99,16
3212,00;99,16
3211,00;99,17
3210,00;99,18
3209,00;99,18
3208,00;99,19
3207,00;99,19
3206,00;99,20
3205,00;99,20
3204,00;99,21
3203,00;99,22
3202,00;99,22
3201,00;99,23
3200,00;99,24
3199,00;99,24
3198,00;99,25
3197,00;99,25
3196,00;99,26
3195,00;99,26
3194,00;99,27
3193,00;99,27
3192,00;99,28
3191,00;99,28
3190,00;99,29
3189,00;99,30
3188,00;99,30
3187,00;99,31
3186,00;99,32
3185,00;99,32
3184,00;99,33
3183,00;99,33
3182,00;99,33
3181,00;99,34
3180,00;99,35
3179,00;99,35
3178,00;99,36
3177,00;99,37
3176,00;99,38
3175,00;99,38
3174,00;99,38
3173,00;99,39
3172,00;99,39
3171,00;99,40
3170,00;99,40
3169,00;99,41
3168,00;99,41
3167,00;99,42
3166,00;99,43
3165,00;99,43
3164,00;99,44
3163,00;99,44
3162,00;99,45
3161,00;99,45
3160,00;99,45
3159,00;99,46
3158,00;99,46
3157,00;99,47
3156,00;99,47
3155,00;99,47
3154,00;99,47
3153,00;99,48
3152,00;99,48
3151,00;99,49
3150,00;99,49
3149,00;99,50
3148,00;99,51
3147,00;99,51
3146,00;99,52
3145,00;99,53
3144,00;99,53
3143,00;99,53
3142,00;99,54
3141,00;99,54
3140,00;99,54
3139,00;99,54
3138,00;99,55
3137,00;99,56
3136,00;99,57
3135,00;99,58
3134,00;99,58
3133,00;99,59
3132,00;99,59
3131,00;99,59
3130,00;99,59
3129,00;99,60
3128,00;99,60
3127,00;99,61
3126,00;99,61
3125,00;99,62
3124,00;99,63
3123,00;99,63
3122,00;99,63
3121,00;99,63
3120,00;99,63
3119,00;99,63
3118,00;99,63
3117,00;99,64
3116,00;99,64
3115,00;99,65
3114,00;99,66
3113,00;99,66
3112,00;99,67
3111,00;99,68
3110,00;99,68
3109,00;99,68
3108,00;99,69
3107,00;99,70
3106,00;99,71
3105,00;99,71
3104,00;99,72
3103,00;99,73
3102,00;99,73
3101,00;99,73
3100,00;99,73
3099,00;99,74
3098,00;99,74
3097,00;99,75
3096,00;99,76
3095,00;99,77
3094,00;99,77
3093,00;99,77
3092,00;99,77
3091,00;99,77
3090,00;99,77
3089,00;99,77
3088,00;99,78
3087,00;99,78
3086,00;99,79
3085,00;99,79
3084,00;99,79
3083,00;99,80
3082,00;99,80
3081,00;99,81
3080,00;99,81
3079,00;99,82
3078,00;99,82
3077,00;99,83
3076,00;99,83
3075,00;99,84
3074,00;99,85
3073,00;99,86
3072,00;99,86
3071,00;99,87
3070,00;99,87
3069,00;99,87
3068,00;99,87
3067,00;99,87
3066,00;99,88
3065,00;99,88
3064,00;99,89
3063,00;99,90
3062,00;99,90
3061,00;99,91
3060,00;99,91
3059,00;99,91
3058,00;99,92
3057,00;99,92
3056,00;99,92
3055,00;99,92
3054,00;99,93
3053,00;99,93
3052,00;99,93
3051,00;99,94
3050,00;99,94
3049,00;99,95
3048,00;99,95
3047,00;99,95
3046,00;99,95
3045,00;99,95
3044,00;99,95
3043,00;99,95
3042,00;99,96
3041,00;99,96
3040,00;99,97
3039,00;99,97
3038,00;99,98
3037,00;99,98
3036,00;99,98
3035,00;99,98
3034,00;99,99
3033,00;99,99
3032,00;99,99
3031,00;100,00
3030,00;100,00
3029,00;100,01
3028,00;100,01
3027,00;100,01
3026,00;100,01
3025,00;100,01
3024,00;100,01
3023,00;100,01
3022,00;100,01
3021,00;100,01
3020,00;100,01
3019,00;100,01
3018,00;100,01
3017,00;100,01
3016,00;100,01
3015,00;100,01
3014,00;100,01
3013,00;100,01
3012,00;100,01
3011,00;100,01
3010,00;100,01
3009,00;100,01
3008,00;100,01
3007,00;100,01
3006,00;100,01
3005,00;100,01
3004,00;100,00
3003,00;100,00
3002,00;99,99
3001,00;99,99
3000,00;99,98
2999,00;99,97
2998,00;99,95
2997,00;99,94
2996,00;99,93
2995,00;99,92
2994,00;99,90
2993,00;99,88
2992,00;99,86
2991,00;99,84
2990,00;99,81
2989,00;99,78
2988,00;99,76
2987,00;99,72
2986,00;99,69
2985,00;99,65
2984,00;99,61
2983,00;99,56
2982,00;99,51
2981,00;99,47
2980,00;99,42
2979,00;99,37
2978,00;99,33
2977,00;99,29
2976,00;99,25
2975,00;99,22
2974,00;99,18
2973,00;99,15
2972,00;99,13
2971,00;99,10
2970,00;99,08
2969,00;99,05
2968,00;99,02
2967,00;98,99
2966,00;98,96
2965,00;98,92
2964,00;98,88
2963,00;98,83
2962,00;98,79
2961,00;98,74
2960,00;98,71
2959,00;98,68
2958,00;98,66
2957,00;98,64
2956,00;98,63
2955,00;98,63
2954,00;98,63
2953,00;98,63
2952,00;98,63
2951,00;98,62
2950,00;98,60
2949,00;98,57
2948,00;98,52
2947,00;98,46
2946,00;98,37
2945,00;98,27
2944,00;98,15
2943,00;98,02
2942,00;97,87
2941,00;97,72
2940,00;97,55
2939,00;97,39
2938,00;97,22
2937,00;97,06
2936,00;96,92
2935,00;96,80
2934,00;96,69
2933,00;96,62
2932,00;96,57
2931,00;96,55
2930,00;96,55
2929,00;96,59
2928,00;96,64
2927,00;96,71
2926,00;96,79
2925,00;96,87
2924,00;96,95
2923,00;97,03
2922,00;97,11
2921,00;97,19
2920,00;97,27
2919,00;97,35
2918,00;97,43
2917,00;97,50
2916,00;97,58
2915,00;97,65
2914,00;97,73
2913,00;97,82
2912,00;97,91
2911,00;98,00
2910,00;98,08
2909,00;98,17
2908,00;98,25
2907,00;98,32
2906,00;98,39
2905,00;98,45
2904,00;98,51
2903,00;98,55
2902,00;98,59
2901,00;98,62
2900,00;98,64
2899,00;98,65
2898,00;98,66
2897,00;98,65
2896,00;98,64
2895,00;98,63
2894,00;98,61
2893,00;98,59
2892,00;98,57
2891,00;98,56
2890,00;98,55
2889,00;98,54
2888,00;98,55
2887,00;98,57
2886,00;98,60
2885,00;98,64
2884,00;98,69
2883,00;98,74
2882,00;98,80
2881,00;98,87
2880,00;98,93
2879,00;98,99
2878,00;99,04
2877,00;99,09
2876,00;99,13
2875,00;99,15
2874,00;99,17
2873,00;99,17
2872,00;99,17
2871,00;99,16
2870,00;99,14
2869,00;99,13
2868,00;99,11
2867,00;99,09
2866,00;99,08
2865,00;99,07
2864,00;99,07
2863,00;99,07
2862,00;99,08
2861,00;99,09
2860,00;99,10
2859,00;99,11
2858,00;99,12
2857,00;99,14
2856,00;99,16
2855,00;99,18
2854,00;99,21
2853,00;99,24
2852,00;99,28
2851,00;99,32
2850,00;99,36
2849,00;99,41
2848,00;99,45
2847,00;99,49
2846,00;99,53
2845,00;99,57
2844,00;99,60
2843,00;99,64
2842,00;99,68
2841,00;99,71
2840,00;99,75
2839,00;99,78
2838,00;99,82
2837,00;99,86
2836,00;99,90
2835,00;99,93
2834,00;99,97
2833,00;100,01
2832,00;100,04
2831,00;100,07
2830,00;100,09
2829,00;100,12
2828,00;100,14
2827,00;100,16
2826,00;100,18
2825,00;100,20
2824,00;100,22
2823,00;100,23
2822,00;100,24
2821,00;100,26
2820,00;100,27
2819,00;100,28
2818,00;100,28
2817,00;100,29
2816,00;100,30
2815,00;100,30
2814,00;100,31
2813,00;100,32
2812,00;100,32
2811,00;100,32
2810,00;100,33
2809,00;100,33
2808,00;100,33
2807,00;100,33
2806,00;100,33
2805,00;100,33
2804,00;100,33
2803,00;100,33
2802,00;100,33
2801,00;100,33
2800,00;100,33
2799,00;100,33
2798,00;100,33
2797,00;100,33
2796,00;100,34
2795,00;100,34
2794,00;100,35
2793,00;100,35
2792,00;100,36
2791,00;100,36
2790,00;100,37
2789,00;100,37
2788,00;100,38
2787,00;100,39
2786,00;100,40
2785,00;100,41
2784,00;100,42
2783,00;100,43
2782,00;100,44
2781,00;100,45
2780,00;100,45
2779,00;100,46
2778,00;100,47
2777,00;100,48
2776,00;100,48
2775,00;100,49
2774,00;100,50
2773,00;100,50
2772,00;100,51
2771,00;100,51
2770,00;100,52
2769,00;100,52
2768,00;100,52
2767,00;100,53
2766,00;100,53
2765,00;100,53
2764,00;100,54
2763,00;100,54
2762,00;100,55
2761,00;100,55
2760,00;100,55
2759,00;100,56
2758,00;100,56
2757,00;100,56
2756,00;100,56
2755,00;100,56
2754,00;100,56
2753,00;100,56
2752,00;100,56
2751,00;100,57
2750,00;100,57
2749,00;100,57
2748,00;100,57
2747,00;100,57
2746,00;100,57
2745,00;100,57
2744,00;100,57
2743,00;100,58
2742,00;100,58
2741,00;100,58
2740,00;100,58
2739,00;100,59
2738,00;100,59
2737,00;100,59
2736,00;100,60
2735,00;100,60
2734,00;100,60
2733,00;100,61
2732,00;100,61
2731,00;100,61
2730,00;100,62
2729,00;100,62
2728,00;100,62
2727,00;100,62
2726,00;100,62
2725,00;100,63
2724,00;100,63
2723,00;100,63
2722,00;100,63
2721,00;100,63
2720,00;100,64
2719,00;100,64
2718,00;100,64
2717,00;100,64
2716,00;100,64
2715,00;100,65
2714,00;100,65
2713,00;100,65
2712,00;100,65
2711,00;100,65
2710,00;100,65
2709,00;100,65
2708,00;100,65
2707,00;100,65
2706,00;100,65
2705,00;100,65
2704,00;100,65
2703,00;100,65
2702,00;100,65
2701,00;100,65
2700,00;100,65
2699,00;100,65
2698,00;100,65
2697,00;100,65
2696,00;100,65
2695,00;100,65
2694,00;100,65
2693,00;100,65
2692,00;100,64
2691,00;100,64
2690,00;100,64
2689,00;100,65
2688,00;100,65
2687,00;100,65
2686,00;100,64
2685,00;100,64
2684,00;100,64
2683,00;100,64
2682,00;100,64
2681,00;100,64
2680,00;100,64
2679,00;100,64
2678,00;100,64
2677,00;100,64
2676,00;100,64
2675,00;100,64
2674,00;100,64
2673,00;100,64
2672,00;100,64
2671,00;100,64
2670,00;100,64
2669,00;100,64
2668,00;100,64
2667,00;100,64
2666,00;100,63
2665,00;100,62
2664,00;100,62
2663,00;100,61
2662,00;100,60
2661,00;100,59
2660,00;100,58
2659,00;100,57
2658,00;100,56
2657,00;100,56
2656,00;100,55
2655,00;100,55
2654,00;100,55
2653,00;100,54
2652,00;100,54
2651,00;100,54
2650,00;100,54
2649,00;100,55
2648,00;100,55
2647,00;100,55
2646,00;100,55
2645,00;100,56
2644,00;100,56
2643,00;100,56
2642,00;100,57
2641,00;100,57
2640,00;100,57
2639,00;100,57
2638,00;100,57
2637,00;100,57
2636,00;100,58
2635,00;100,58
2634,00;100,58
2633,00;100,59
2632,00;100,59
2631,00;100,60
2630,00;100,60
2629,00;100,61
2628,00;100,61
2627,00;100,61
2626,00;100,61
2625,00;100,61
2624,00;100,61
2623,00;100,62
2622,00;100,62
2621,00;100,63
2620,00;100,63
2619,00;100,64
2618,00;100,64
2617,00;100,64
2616,00;100,64
2615,00;100,65
2614,00;100,65
2613,00;100,65
2612,00;100,66
2611,00;100,66
2610,00;100,67
2609,00;100,67
2608,00;100,67
2607,00;100,67
2606,00;100,67
2605,00;100,68
2604,00;100,68
2603,00;100,68
2602,00;100,68
2601,00;100,68
2600,00;100,68
2599,00;100,68
2598,00;100,68
2597,00;100,68
2596,00;100,68
2595,00;100,68
2594,00;100,68
2593,00;100,68
2592,00;100,68
2591,00;100,68
2590,00;100,67
2589,00;100,67
2588,00;100,67
2587,00;100,67
2586,00;100,67
2585,00;100,66
2584,00;100,65
2583,00;100,65
2582,00;100,64
2581,00;100,64
2580,00;100,63
2579,00;100,62
2578,00;100,61
2577,00;100,60
2576,00;100,58
2575,00;100,57
2574,00;100,55
2573,00;100,53
2572,00;100,51
2571,00;100,50
2570,00;100,48
2569,00;100,47
2568,00;100,46
2567,00;100,45
2566,00;100,44
2565,00;100,43
2564,00;100,42
2563,00;100,41
2562,00;100,41
2561,00;100,40
2560,00;100,40
2559,00;100,39
2558,00;100,39
2557,00;100,39
2556,00;100,39
2555,00;100,40
2554,00;100,40
2553,00;100,41
2552,00;100,41
2551,00;100,42
2550,00;100,43
2549,00;100,45
2548,00;100,46
2547,00;100,47
2546,00;100,49
2545,00;100,50
2544,00;100,51
2543,00;100,51
2542,00;100,53
2541,00;100,54
2540,00;100,55
2539,00;100,57
2538,00;100,58
2537,00;100,59
2536,00;100,61
2535,00;100,62
2534,00;100,64
2533,00;100,65
2532,00;100,67
2531,00;100,68
2530,00;100,69
2529,00;100,69
2528,00;100,70
2527,00;100,71
2526,00;100,72
2525,00;100,73
2524,00;100,74
2523,00;100,74
2522,00;100,75
2521,00;100,76
2520,00;100,76
2519,00;100,77
2518,00;100,78
2517,00;100,79
2516,00;100,79
2515,00;100,80
2514,00;100,81
2513,00;100,82
2512,00;100,83
2511,00;100,83
2510,00;100,84
2509,00;100,85
2508,00;100,85
2507,00;100,86
2506,00;100,87
2505,00;100,87
2504,00;100,87
2503,00;100,88
2502,00;100,88
2501,00;100,89
2500,00;100,89
2499,00;100,90
2498,00;100,90
2497,00;100,90
2496,00;100,90
2495,00;100,90
2494,00;100,91
2493,00;100,91
2492,00;100,91
2491,00;100,92
2490,00;100,93
2489,00;100,93
2488,00;100,94
2487,00;100,94
2486,00;100,95
2485,00;100,95
2484,00;100,95
2483,00;100,95
2482,00;100,96
2481,00;100,96
2480,00;100,96
2479,00;100,97
2478,00;100,97
2477,00;100,98
2476,00;100,98
2475,00;100,98
2474,00;100,98
2473,00;100,99
2472,00;100,99
2471,00;100,99
2470,00;100,99
2469,00;100,99
2468,00;101,00
2467,00;100,99
2466,00;100,99
2465,00;100,99
2464,00;100,99
2463,00;100,99
2462,00;100,99
2461,00;100,99
2460,00;100,99
2459,00;100,98
2458,00;100,98
2457,00;100,97
2456,00;100,97
2455,00;100,97
2454,00;100,97
2453,00;100,98
2452,00;100,98
2451,00;100,98
2450,00;100,99
2449,00;101,00
2448,00;101,00
2447,00;101,01
2446,00;101,01
2445,00;101,01
2444,00;101,02
2443,00;101,02
2442,00;101,03
2441,00;101,03
2440,00;101,04
2439,00;101,04
2438,00;101,04
2437,00;101,05
2436,00;101,05
2435,00;101,06
2434,00;101,06
2433,00;101,07
2432,00;101,07
2431,00;101,07
2430,00;101,08
2429,00;101,08
2428,00;101,08
2427,00;101,09
2426,00;101,09
2425,00;101,10
2424,00;101,10
2423,00;101,11
2422,00;101,11
2421,00;101,11
2420,00;101,12
2419,00;101,12
2418,00;101,12
2417,00;101,12
2416,00;101,13
2415,00;101,13
2414,00;101,13
2413,00;101,13
2412,00;101,13
2411,00;101,14
2410,00;101,14
2409,00;101,14
2408,00;101,15
2407,00;101,16
2406,00;101,18
2405,00;101,19
2404,00;101,19
2403,00;101,20
2402,00;101,20
2401,00;101,20
2400,00;101,19
2399,00;101,19
2398,00;101,20
2397,00;101,20
2396,00;101,20
2395,00;101,21
2394,00;101,21
2393,00;101,21
2392,00;101,21
2391,00;101,22
2390,00;101,22
2389,00;101,22
2388,00;101,23
2387,00;101,23
2386,00;101,23
2385,00;101,23
2384,00;101,23
2383,00;101,24
2382,00;101,24
2381,00;101,24
2380,00;101,24
2379,00;101,24
2378,00;101,25
2377,00;101,25
2376,00;101,25
2375,00;101,25
2374,00;101,25
2373,00;101,25
2372,00;101,25
2371,00;101,25
2370,00;101,25
2369,00;101,25
2368,00;101,26
2367,00;101,26
2366,00;101,26
2365,00;101,26
2364,00;101,25
2363,00;101,24
2362,00;101,24
2361,00;101,23
2360,00;101,23
2359,00;101,23
2358,00;101,25
2357,00;101,26
2356,00;101,28
2355,00;101,30
2354,00;101,31
2353,00;101,30
2352,00;101,27
2351,00;101,24
2350,00;101,20
2349,00;101,17
2348,00;101,15
2347,00;101,12
2346,00;101,11
2345,00;101,11
2344,00;101,12
2343,00;101,14
2342,00;101,15
2341,00;101,16
2340,00;101,17
2339,00;101,18
2338,00;101,19
2337,00;101,20
2336,00;101,20
2335,00;101,21
2334,00;101,22
2333,00;101,23
2332,00;101,24
2331,00;101,24
2330,00;101,24
2329,00;101,23
2328,00;101,19
2327,00;101,12
2326,00;101,02
2325,00;100,91
2324,00;100,85
2323,00;100,84
2322,00;100,88
2321,00;100,94
2320,00;100,99
2319,00;101,03
2318,00;101,05
2317,00;101,07
2316,00;101,08
2315,00;101,09
2314,00;101,10
2313,00;101,11
2312,00;101,12
2311,00;101,13
2310,00;101,13
2309,00;101,14
2308,00;101,14
2307,00;101,14
2306,00;101,13
2305,00;101,13
2304,00;101,13
2303,00;101,14
2302,00;101,14
2301,00;101,14
2300,00;101,14
2299,00;101,13
2298,00;101,12
2297,00;101,12
2296,00;101,11
2295,00;101,11
2294,00;101,10
2293,00;101,09
2292,00;101,07
2291,00;101,05
2290,00;101,04
2289,00;101,03
2288,00;101,01
2287,00;101,01
2286,00;101,00
2285,00;101,01
2284,00;101,03
2283,00;101,06
2282,00;101,09
2281,00;101,12
2280,00;101,14
2279,00;101,16
2278,00;101,18
2277,00;101,21
2276,00;101,23
2275,00;101,25
2274,00;101,26
2273,00;101,27
2272,00;101,28
2271,00;101,29
2270,00;101,31
2269,00;101,32
2268,00;101,34
2267,00;101,36
2266,00;101,38
2265,00;101,40
2264,00;101,41
2263,00;101,42
2262,00;101,42
2261,00;101,42
2260,00;101,41
2259,00;101,41
2258,00;101,41
2257,00;101,42
2256,00;101,44
2255,00;101,48
2254,00;101,51
2253,00;101,53
2252,00;101,54
2251,00;101,54
2250,00;101,54
2249,00;101,54
2248,00;101,54
2247,00;101,53
2246,00;101,53
2245,00;101,53
2244,00;101,54
2243,00;101,54
2242,00;101,55
2241,00;101,56
2240,00;101,57
2239,00;101,57
2238,00;101,58
2237,00;101,59
2236,00;101,59
2235,00;101,60
2234,00;101,60
2233,00;101,60
2232,00;101,60
2231,00;101,61
2230,00;101,62
2229,00;101,64
2228,00;101,65
2227,00;101,65
2226,00;101,66
2225,00;101,67
2224,00;101,68
2223,00;101,68
2222,00;101,69
2221,00;101,70
2220,00;101,71
2219,00;101,73
2218,00;101,75
2217,00;101,76
2216,00;101,77
2215,00;101,78
2214,00;101,79
2213,00;101,79
2212,00;101,80
2211,00;101,80
2210,00;101,81
2209,00;101,82
2208,00;101,82
2207,00;101,82
2206,00;101,82
2205,00;101,82
2204,00;101,83
2203,00;101,84
2202,00;101,86
2201,00;101,87
2200,00;101,88
2199,00;101,88
2198,00;101,88
2197,00;101,88
2196,00;101,87
2195,00;101,87
2194,00;101,88
2193,00;101,88
2192,00;101,88
2191,00;101,88
2190,00;101,88
2189,00;101,88
2188,00;101,88
2187,00;101,89
2186,00;101,90
2185,00;101,92
2184,00;101,95
2183,00;102,01
2182,00;102,09
2181,00;102,16
2180,00;102,18
2179,00;102,16
2178,00;102,13
2177,00;102,13
2176,00;102,15
2175,00;102,19
2174,00;102,22
2173,00;102,21
2172,00;102,17
2171,00;102,12
2170,00;102,07
2169,00;102,03
2168,00;102,00
2167,00;101,98
2166,00;101,98
2165,00;101,99
2164,00;102,00
2163,00;102,00
2162,00;102,02
2161,00;102,14
2160,00;102,40
2159,00;102,79
2158,00;103,16
2157,00;103,37
2156,00;103,37
2155,00;103,27
2154,00;103,13
2153,00;103,01
2152,00;102,90
2151,00;102,82
2150,00;102,76
2149,00;102,72
2148,00;102,70
2147,00;102,69
2146,00;102,70
2145,00;102,69
2144,00;102,68
2143,00;102,65
2142,00;102,62
2141,00;102,58
2140,00;102,55
2139,00;102,52
2138,00;102,51
2137,00;102,51
2136,00;102,55
2135,00;102,60
2134,00;102,65
2133,00;102,66
2132,00;102,62
2131,00;102,55
2130,00;102,48
2129,00;102,41
2128,00;102,36
2127,00;102,31
2126,00;102,26
2125,00;102,22
2124,00;102,17
2123,00;102,14
2122,00;102,11
2121,00;102,08
2120,00;102,06
2119,00;102,04
2118,00;102,01
2117,00;101,98
2116,00;101,94
2115,00;101,91
2114,00;101,89
2113,00;101,89
2112,00;101,90
2111,00;101,91
2110,00;101,92
2109,00;101,94
2108,00;101,95
2107,00;101,96
2106,00;101,97
2105,00;101,98
2104,00;101,98
2103,00;101,99
2102,00;101,99
2101,00;101,99
2100,00;102,00
2099,00;102,01
2098,00;102,03
2097,00;102,06
2096,00;102,11
2095,00;102,16
2094,00;102,19
2093,00;102,19
2092,00;102,16
2091,00;102,12
2090,00;102,09
2089,00;102,07
2088,00;102,05
2087,00;102,04
2086,00;102,03
2085,00;102,03
2084,00;102,03
2083,00;102,03
2082,00;102,04
2081,00;102,04
2080,00;102,03
2079,00;102,03
2078,00;102,04
2077,00;102,06
2076,00;102,08
2075,00;102,11
2074,00;102,13
2073,00;102,16
2072,00;102,17
2071,00;102,19
2070,00;102,21
2069,00;102,23
2068,00;102,25
2067,00;102,27
2066,00;102,29
2065,00;102,30
2064,00;102,31
2063,00;102,32
2062,00;102,33
2061,00;102,34
2060,00;102,35
2059,00;102,35
2058,00;102,35
2057,00;102,34
2056,00;102,35
2055,00;102,38
2054,00;102,39
2053,00;102,35
2052,00;102,25
2051,00;102,17
2050,00;102,18
2049,00;102,29
2048,00;102,45
2047,00;102,58
2046,00;102,66
2045,00;102,71
2044,00;102,75
2043,00;102,78
2042,00;102,81
2041,00;102,84
2040,00;102,85
2039,00;102,86
2038,00;102,87
2037,00;102,88
2036,00;102,91
2035,00;102,97
2034,00;103,05
2033,00;103,12
2032,00;103,16
2031,00;103,18
2030,00;103,20
2029,00;103,22
2028,00;103,22
2027,00;103,22
2026,00;103,23
2025,00;103,22
2024,00;103,21
2023,00;103,20
2022,00;103,20
2021,00;103,20
2020,00;103,20
2019,00;103,19
2018,00;103,17
2017,00;103,15
2016,00;103,12
2015,00;103,09
2014,00;103,06
2013,00;103,04
2012,00;103,03
2011,00;103,01
2010,00;103,00
2009,00;103,00
2008,00;103,03
2007,00;103,08
2006,00;103,12
2005,00;103,12
2004,00;103,06
2003,00;102,98
2002,00;102,92
2001,00;102,86
2000,00;102,81
1999,00;102,75
1998,00;102,69
1997,00;102,64
1996,00;102,59
1995,00;102,56
1994,00;102,55
1993,00;102,54
1992,00;102,52
1991,00;102,49
1990,00;102,45
1989,00;102,41
1988,00;102,36
1987,00;102,32
1986,00;102,28
1985,00;102,25
1984,00;102,21
1983,00;102,16
1982,00;102,10
1981,00;102,04
1980,00;102,01
1979,00;102,07
1978,00;102,23
1977,00;102,42
1976,00;102,56
1975,00;102,63
1974,00;102,65
1973,00;102,65
1972,00;102,63
1971,00;102,61
1970,00;102,59
1969,00;102,58
1968,00;102,56
1967,00;102,54
1966,00;102,51
1965,00;102,46
1964,00;102,42
1963,00;102,40
1962,00;102,39
1961,00;102,41
1960,00;102,42
1959,00;102,42
1958,00;102,40
1957,00;102,36
1956,00;102,30
1955,00;102,24
1954,00;102,20
1953,00;102,16
1952,00;102,13
1951,00;102,11
1950,00;102,09
1949,00;102,07
1948,00;102,04
1947,00;102,02
1946,00;102,00
1945,00;102,00
1944,00;102,00
1943,00;102,01
1942,00;102,00
1941,00;101,97
1940,00;101,94
1939,00;101,92
1938,00;101,90
1937,00;101,88
1936,00;101,86
1935,00;101,84
1934,00;101,83
1933,00;101,82
1932,00;101,81
1931,00;101,80
1930,00;101,80
1929,00;101,79
1928,00;101,78
1927,00;101,76
1926,00;101,76
1925,00;101,75
1924,00;101,75
1923,00;101,74
1922,00;101,71
1921,00;101,69
1920,00;101,66
1919,00;101,65
1918,00;101,65
1917,00;101,64
1916,00;101,62
1915,00;101,60
1914,00;101,59
1913,00;101,59
1912,00;101,59
1911,00;101,59
1910,00;101,59
1909,00;101,58
1908,00;101,57
1907,00;101,56
1906,00;101,55
1905,00;101,54
1904,00;101,53
1903,00;101,52
1902,00;101,51
1901,00;101,51
1900,00;101,51
1899,00;101,50
1898,00;101,50
1897,00;101,50
1896,00;101,49
1895,00;101,48
1894,00;101,47
1893,00;101,47
1892,00;101,46
1891,00;101,45
1890,00;101,45
1889,00;101,44
1888,00;101,43
1887,00;101,42
1886,00;101,41
1885,00;101,41
1884,00;101,40
1883,00;101,40
1882,00;101,40
1881,00;101,40
1880,00;101,39
1879,00;101,38
1878,00;101,37
1877,00;101,36
1876,00;101,35
1875,00;101,35
1874,00;101,34
1873,00;101,34
1872,00;101,34
1871,00;101,34
1870,00;101,34
1869,00;101,35
1868,00;101,34
1867,00;101,33
1866,00;101,32
1865,00;101,32
1864,00;101,31
1863,00;101,30
1862,00;101,30
1861,00;101,30
1860,00;101,29
1859,00;101,29
1858,00;101,29
1857,00;101,29
1856,00;101,29
1855,00;101,28
1854,00;101,28
1853,00;101,27
1852,00;101,27
1851,00;101,26
1850,00;101,26
1849,00;101,26
1848,00;101,27
1847,00;101,27
1846,00;101,28
1845,00;101,29
1844,00;101,29
1843,00;101,28
1842,00;101,27
1841,00;101,26
1840,00;101,26
1839,00;101,25
1838,00;101,25
1837,00;101,25
1836,00;101,24
1835,00;101,24
1834,00;101,24
1833,00;101,23
1832,00;101,23
1831,00;101,23
1830,00;101,23
1829,00;101,23
1828,00;101,22
1827,00;101,22
1826,00;101,22
1825,00;101,22
1824,00;101,22
1823,00;101,21
1822,00;101,21
1821,00;101,21
1820,00;101,22
1819,00;101,23
1818,00;101,26
1817,00;101,28
1816,00;101,28
1815,00;101,27
1814,00;101,24
1813,00;101,22
1812,00;101,21
1811,00;101,20
1810,00;101,19
1809,00;101,19
1808,00;101,19
1807,00;101,18
1806,00;101,17
1805,00;101,17
1804,00;101,16
1803,00;101,16
1802,00;101,16
1801,00;101,16
1800,00;101,16
1799,00;101,16
1798,00;101,16
1797,00;101,16
1796,00;101,16
1795,00;101,16
1794,00;101,15
1793,00;101,16
1792,00;101,16
1791,00;101,16
1790,00;101,16
1789,00;101,16
1788,00;101,16
1787,00;101,16
1786,00;101,16
1785,00;101,16
1784,00;101,15
1783,00;101,15
1782,00;101,15
1781,00;101,15
1780,00;101,16
1779,00;101,16
1778,00;101,17
1777,00;101,17
1776,00;101,17
1775,00;101,16
1774,00;101,16
1773,00;101,15
1772,00;101,15
1771,00;101,15
1770,00;101,16
1769,00;101,16
1768,00;101,16
1767,00;101,16
1766,00;101,15
1765,00;101,14
1764,00;101,14
1763,00;101,14
1762,00;101,14
1761,00;101,14
1760,00;101,14
1759,00;101,14
1758,00;101,14
1757,00;101,14
1756,00;101,14
1755,00;101,14
1754,00;101,14
1753,00;101,13
1752,00;101,12
1751,00;101,11
1750,00;101,11
1749,00;101,12
1748,00;101,12
1747,00;101,12
1746,00;101,12
1745,00;101,11
1744,00;101,11
1743,00;101,10
1742,00;101,10
1741,00;101,10
1740,00;101,10
1739,00;101,10
1738,00;101,09
1737,00;101,09
1736,00;101,09
1735,00;101,08
1734,00;101,07
1733,00;101,06
1732,00;101,07
1731,00;101,07
1730,00;101,08
1729,00;101,08
1728,00;101,08
1727,00;101,07
1726,00;101,07
1725,00;101,06
1724,00;101,06
1723,00;101,05
1722,00;101,05
1721,00;101,04
1720,00;101,04
1719,00;101,03
1718,00;101,02
1717,00;101,02
1716,00;101,03
1715,00;101,03
1714,00;101,03
1713,00;101,03
1712,00;101,03
1711,00;101,02
1710,00;101,01
1709,00;101,00
1708,00;101,00
1707,00;100,99
1706,00;100,99
1705,00;100,99
1704,00;100,98
1703,00;100,98
1702,00;100,97
1701,00;100,95
1700,00;100,93
1699,00;100,92
1698,00;100,93
1697,00;100,94
1696,00;100,95
1695,00;100,93
1694,00;100,91
1693,00;100,91
1692,00;100,91
1691,00;100,91
1690,00;100,90
1689,00;100,88
1688,00;100,88
1687,00;100,87
1686,00;100,86
1685,00;100,84
1684,00;100,83
1683,00;100,83
1682,00;100,83
1681,00;100,83
1680,00;100,82
1679,00;100,81
1678,00;100,80
1677,00;100,79
1676,00;100,78
1675,00;100,76
1674,00;100,74
1673,00;100,73
1672,00;100,73
1671,00;100,72
1670,00;100,71
1669,00;100,70
1668,00;100,69
1667,00;100,68
1666,00;100,67
1665,00;100,66
1664,00;100,64
1663,00;100,62
1662,00;100,60
1661,00;100,59
1660,00;100,58
1659,00;100,56
1658,00;100,55
1657,00;100,54
1656,00;100,53
1655,00;100,52
1654,00;100,50
1653,00;100,47
1652,00;100,43
1651,00;100,40
1650,00;100,39
1649,00;100,40
1648,00;100,39
1647,00;100,36
1646,00;100,34
1645,00;100,32
1644,00;100,30
1643,00;100,28
1642,00;100,27
1641,00;100,25
1640,00;100,23
1639,00;100,21
1638,00;100,20
1637,00;100,19
1636,00;100,17
1635,00;100,15
1634,00;100,13
1633,00;100,12
1632,00;100,12
1631,00;100,11
1630,00;100,10
1629,00;100,09
1628,00;100,08
1627,00;100,07
1626,00;100,07
1625,00;100,07
1624,00;100,07
1623,00;100,06
1622,00;100,07
1621,00;100,07
1620,00;100,08
1619,00;100,10
1618,00;100,11
1617,00;100,11
1616,00;100,11
1615,00;100,12
1614,00;100,14
1613,00;100,17
1612,00;100,19
1611,00;100,21
1610,00;100,23
1609,00;100,26
1608,00;100,29
1607,00;100,32
1606,00;100,35
1605,00;100,38
1604,00;100,41
1603,00;100,44
1602,00;100,47
1601,00;100,49
1600,00;100,51
1599,00;100,53
1598,00;100,56
1597,00;100,58
1596,00;100,59
1595,00;100,61
1594,00;100,63
1593,00;100,65
1592,00;100,66
1591,00;100,68
1590,00;100,69
1589,00;100,70
1588,00;100,71
1587,00;100,72
1586,00;100,73
1585,00;100,75
1584,00;100,75
1583,00;100,76
1582,00;100,77
1581,00;100,78
1580,00;100,78
1579,00;100,79
1578,00;100,80
1577,00;100,81
1576,00;100,81
1575,00;100,81
1574,00;100,82
1573,00;100,83
1572,00;100,83
1571,00;100,83
1570,00;100,84
1569,00;100,84
1568,00;100,85
1567,00;100,86
1566,00;100,86
1565,00;100,87
1564,00;100,87
1563,00;100,88
1562,00;100,89
1561,00;100,88
1560,00;100,86
1559,00;100,87
1558,00;100,90
1557,00;100,90
1556,00;100,89
1555,00;100,90
1554,00;100,90
1553,00;100,89
1552,00;100,89
1551,00;100,89
1550,00;100,90
1549,00;100,90
1548,00;100,89
1547,00;100,89
1546,00;100,89
1545,00;100,89
1544,00;100,88
1543,00;100,88
1542,00;100,89
1541,00;100,90
1540,00;100,91
1539,00;100,92
1538,00;100,91
1537,00;100,90
1536,00;100,89
1535,00;100,89
1534,00;100,89
1533,00;100,88
1532,00;100,88
1531,00;100,89
1530,00;100,88
1529,00;100,88
1528,00;100,88
1527,00;100,87
1526,00;100,87
1525,00;100,87
1524,00;100,87
1523,00;100,87
1522,00;100,87
1521,00;100,88
1520,00;100,87
1519,00;100,87
1518,00;100,87
1517,00;100,87
1516,00;100,87
1515,00;100,86
1514,00;100,86
1513,00;100,85
1512,00;100,84
1511,00;100,83
1510,00;100,83
1509,00;100,82
1508,00;100,82
1507,00;100,83
1506,00;100,85
1505,00;100,84
1504,00;100,83
1503,00;100,83
1502,00;100,83
1501,00;100,82
1500,00;100,81
1499,00;100,81
1498,00;100,80
1497,00;100,80
1496,00;100,80
1495,00;100,79
1494,00;100,78
1493,00;100,78
1492,00;100,77
1491,00;100,75
1490,00;100,73
1489,00;100,71
1488,00;100,71
1487,00;100,69
1486,00;100,68
1485,00;100,66
1484,00;100,65
1483,00;100,63
1482,00;100,63
1481,00;100,63
1480,00;100,63
1479,00;100,63
1478,00;100,63
1477,00;100,63
1476,00;100,63
1475,00;100,62
1474,00;100,61
1473,00;100,60
1472,00;100,58
1471,00;100,57
1470,00;100,55
1469,00;100,53
1468,00;100,50
1467,00;100,46
1466,00;100,40
1465,00;100,33
1464,00;100,24
1463,00;100,15
1462,00;100,06
1461,00;99,96
1460,00;99,85
1459,00;99,71
1458,00;99,51
1457,00;99,24
1456,00;99,01
1455,00;98,87
1454,00;98,83
1453,00;98,84
1452,00;98,88
1451,00;98,94
1450,00;98,99
1449,00;99,01
1448,00;98,99
1447,00;98,92
1446,00;98,83
1445,00;98,74
1444,00;98,65
1443,00;98,59
1442,00;98,58
1441,00;98,61
1440,00;98,68
1439,00;98,78
1438,00;98,87
1437,00;98,96
1436,00;99,02
1435,00;99,06
1434,00;99,08
1433,00;99,07
1432,00;99,06
1431,00;99,04
1430,00;99,02
1429,00;99,01
1428,00;99,02
1427,00;99,05
1426,00;99,10
1425,00;99,16
1424,00;99,24
1423,00;99,32
1422,00;99,40
1421,00;99,45
1420,00;99,48
1419,00;99,49
1418,00;99,47
1417,00;99,42
1416,00;99,36
1415,00;99,28
1414,00;99,17
1413,00;99,05
1412,00;98,92
1411,00;98,81
1410,00;98,71
1409,00;98,63
1408,00;98,59
1407,00;98,57
1406,00;98,59
1405,00;98,63
1404,00;98,69
1403,00;98,78
1402,00;98,87
1401,00;98,97
1400,00;99,08
1399,00;99,19
1398,00;99,31
1397,00;99,40
1396,00;99,49
1395,00;99,57
1394,00;99,65
1393,00;99,71
1392,00;99,77
1391,00;99,83
1390,00;99,89
1389,00;99,95
1388,00;100,01
1387,00;100,07
1386,00;100,13
1385,00;100,17
1384,00;100,22
1383,00;100,25
1382,00;100,28
1381,00;100,31
1380,00;100,33
1379,00;100,34
1378,00;100,36
1377,00;100,36
1376,00;100,37
1375,00;100,37
1374,00;100,37
1373,00;100,37
1372,00;100,36
1371,00;100,35
1370,00;100,33
1369,00;100,31
1368,00;100,30
1367,00;100,29
1366,00;100,29
1365,00;100,29
1364,00;100,30
1363,00;100,31
1362,00;100,31
1361,00;100,31
1360,00;100,30
1359,00;100,28
1358,00;100,24
1357,00;100,20
1356,00;100,14
1355,00;100,06
1354,00;99,97
1353,00;99,85
1352,00;99,71
1351,00;99,56
1350,00;99,39
1349,00;99,20
1348,00;99,03
1347,00;98,87
1346,00;98,75
1345,00;98,68
1344,00;98,67
1343,00;98,71
1342,00;98,79
1341,00;98,92
1340,00;99,08
1339,00;99,24
1338,00;99,39
1337,00;99,52
1336,00;99,63
1335,00;99,73
1334,00;99,81
1333,00;99,89
1332,00;99,95
1331,00;100,01
1330,00;100,05
1329,00;100,08
1328,00;100,09
1327,00;100,10
1326,00;100,10
1325,00;100,08
1324,00;100,06
1323,00;100,04
1322,00;100,00
1321,00;99,95
1320,00;99,88
1319,00;99,80
1318,00;99,69
1317,00;99,57
1316,00;99,43
1315,00;99,28
1314,00;99,11
1313,00;98,94
1312,00;98,77
1311,00;98,62
1310,00;98,50
1309,00;98,40
1308,00;98,33
1307,00;98,30
1306,00;98,29
1305,00;98,30
1304,00;98,34
1303,00;98,40
1302,00;98,47
1301,00;98,55
1300,00;98,64
1299,00;98,74
1298,00;98,83
1297,00;98,91
1296,00;99,00
1295,00;99,07
1294,00;99,13
1293,00;99,19
1292,00;99,23
1291,00;99,27
1290,00;99,30
1289,00;99,31
1288,00;99,31
1287,00;99,30
1286,00;99,28
1285,00;99,25
1284,00;99,21
1283,00;99,16
1282,00;99,09
1281,00;99,02
1280,00;98,93
1279,00;98,83
1278,00;98,71
1277,00;98,56
1276,00;98,39
1275,00;98,19
1274,00;97,96
1273,00;97,68
1272,00;97,36
1271,00;96,99
1270,00;96,57
1269,00;96,11
1268,00;95,63
1267,00;95,13
1266,00;94,64
1265,00;94,16
1264,00;93,73
1263,00;93,37
1262,00;93,08
1261,00;92,87
1260,00;92,75
1259,00;92,71
1258,00;92,73
1257,00;92,80
1256,00;92,89
1255,00;92,97
1254,00;93,03
1253,00;93,05
1252,00;93,03
1251,00;92,97
1250,00;92,88
1249,00;92,74
1248,00;92,58
1247,00;92,39
1246,00;92,18
1245,00;91,95
1244,00;91,72
1243,00;91,49
1242,00;91,29
1241,00;91,13
1240,00;91,01
1239,00;90,96
1238,00;90,96
1237,00;91,01
1236,00;91,10
1235,00;91,21
1234,00;91,32
1233,00;91,43
1232,00;91,50
1231,00;91,54
1230,00;91,54
1229,00;91,50
1228,00;91,42
1227,00;91,30
1226,00;91,16
1225,00;90,99
1224,00;90,79
1223,00;90,57
1222,00;90,33
1221,00;90,07
1220,00;89,79
1219,00;89,50
1218,00;89,20
1217,00;88,88
1216,00;88,54
1215,00;88,19
1214,00;87,83
1213,00;87,46
1212,00;87,07
1211,00;86,67
1210,00;86,26
1209,00;85,84
1208,00;85,40
1207,00;84,95
1206,00;84,49
1205,00;84,01
1204,00;83,52
1203,00;83,01
1202,00;82,49
1201,00;81,95
1200,00;81,39
1199,00;80,81
1198,00;80,22
1197,00;79,61
1196,00;78,97
1195,00;78,33
1194,00;77,69
1193,00;77,05
1192,00;76,41
1191,00;75,80
1190,00;75,23
1189,00;74,70
1188,00;74,21
1187,00;73,77
1186,00;73,40
1185,00;73,07
1184,00;72,77
1183,00;72,51
1182,00;72,28
1181,00;72,06
1180,00;71,84
1179,00;71,60
1178,00;71,36
1177,00;71,10
1176,00;70,81
1175,00;70,50
1174,00;70,18
1173,00;69,84
1172,00;69,48
1171,00;69,11
1170,00;68,75
1169,00;68,39
1168,00;68,01
1167,00;67,65
1166,00;67,31
1165,00;66,97
1164,00;66,63
1163,00;66,31
1162,00;66,00
1161,00;65,69
1160,00;65,37
1159,00;65,05
1158,00;64,74
1157,00;64,41
1156,00;64,07
1155,00;63,72
1154,00;63,37
1153,00;63,01
1152,00;62,62
1151,00;62,23
1150,00;61,85
1149,00;61,45
1148,00;61,05
1147,00;60,63
1146,00;60,23
1145,00;59,83
1144,00;59,41
1143,00;58,99
1142,00;58,59
1141,00;58,20
1140,00;57,79
1139,00;57,40
1138,00;57,02
1137,00;56,65
1136,00;56,27
1135,00;55,90
1134,00;55,56
1133,00;55,23
1132,00;54,89
1131,00;54,56
1130,00;54,26
1129,00;53,96
1128,00;53,65
1127,00;53,35
1126,00;53,07
1125,00;52,81
1124,00;52,53
1123,00;52,26
1122,00;52,01
1121,00;51,76
1120,00;51,50
1119,00;51,24
1118,00;50,99
1117,00;50,73
1116,00;50,44
1115,00;50,15
1114,00;49,86
1113,00;49,55
1112,00;49,21
1111,00;48,86
1110,00;48,52
1109,00;48,17
1108,00;47,79
1107,00;47,41
1106,00;47,04
1105,00;46,67
1104,00;46,29
1103,00;45,91
1102,00;45,57
1101,00;45,24
1100,00;44,90
1099,00;44,58
1098,00;44,29
1097,00;44,01
1096,00;43,73
1095,00;43,46
1094,00;43,23
1093,00;43,01
1092,00;42,79
1091,00;42,57
1090,00;42,38
1089,00;42,18
1088,00;41,97
1087,00;41,76
1086,00;41,57
1085,00;41,36
1084,00;41,13
1083,00;40,89
1082,00;40,65
1081,00;40,41
1080,00;40,13
1079,00;39,85
1078,00;39,58
1077,00;39,30
1076,00;38,99
1075,00;38,69
1074,00;38,40
1073,00;38,11
1072,00;37,79
1071,00;37,48
1070,00;37,19
1069,00;36,90
1068,00;36,60
1067,00;36,30
1066,00;36,02
1065,00;35,75
1064,00;35,46
1063,00;35,17
1062,00;34,92
1061,00;34,66
1060,00;34,39
1059,00;34,14
1058,00;33,91
1057,00;33,69
1056,00;33,46
1055,00;33,23
1054,00;33,03
1053,00;32,84
1052,00;32,62
1051,00;32,41
1050,00;32,22
1049,00;32,03
1048,00;31,81
1047,00;31,60
1046,00;31,40
1045,00;31,21
1044,00;31,00
1043,00;30,80
1042,00;30,64
1041,00;30,50
1040,00;30,35
1039,00;30,25
1038,00;30,20
1037,00;30,18
1036,00;30,20
1035,00;30,25
1034,00;30,37
1033,00;30,54
1032,00;30,72
1031,00;30,97
1030,00;31,28
1029,00;31,64
1028,00;32,03
1027,00;32,48
1026,00;33,00
1025,00;33,57
1024,00;34,19
1023,00;34,86
1022,00;35,61
1021,00;36,41
1020,00;37,23
1019,00;38,09
1018,00;38,99
1017,00;39,91
1016,00;40,83
1015,00;41,74
1014,00;42,65
1013,00;43,53
1012,00;44,36
1011,00;45,16
1010,00;45,93
1009,00;46,65
1008,00;47,34
1007,00;48,01
1006,00;48,70
1005,00;49,40
1004,00;50,13
1003,00;50,93
1002,00;51,80
1001,00;52,76
1000,00;53,79
999,00;54,91
998,00;56,11
997,00;57,36
996,00;58,66
995,00;59,97
994,00;61,29
993,00;62,58
992,00;63,81
991,00;64,97
990,00;66,04
989,00;67,01
988,00;67,87
987,00;68,64
986,00;69,33
985,00;69,95
984,00;70,51
983,00;71,03
982,00;71,54
981,00;72,02
980,00;72,49
979,00;72,95
978,00;73,42
977,00;73,87
976,00;74,31
975,00;74,74
974,00;75,15
973,00;75,54
972,00;75,88
971,00;76,20
970,00;76,49
969,00;76,74
968,00;76,96
967,00;77,14
966,00;77,31
965,00;77,45
964,00;77,57
963,00;77,69
962,00;77,80
961,00;77,91
960,00;78,02
959,00;78,13
958,00;78,26
957,00;78,39
956,00;78,52
955,00;78,66
954,00;78,81
953,00;78,97
952,00;79,12
951,00;79,29
950,00;79,47
949,00;79,65
948,00;79,83
947,00;80,01
946,00;80,19
945,00;80,37
944,00;80,55
943,00;80,72
942,00;80,89
941,00;81,05
940,00;81,19
939,00;81,31
938,00;81,41
937,00;81,49
936,00;81,54
935,00;81,57
934,00;81,58
933,00;81,56
932,00;81,51
931,00;81,45
930,00;81,38
929,00;81,31
928,00;81,23
927,00;81,16
926,00;81,11
925,00;81,08
924,00;81,06
923,00;81,08
922,00;81,12
921,00;81,20
920,00;81,31
919,00;81,45
918,00;81,62
917,00;81,81
916,00;82,02
915,00;82,25
914,00;82,49
913,00;82,74
912,00;82,98
911,00;83,22
910,00;83,47
909,00;83,70
908,00;83,93
907,00;84,16
906,00;84,37
905,00;84,58
904,00;84,78
903,00;84,96
902,00;85,14
901,00;85,31
900,00;85,46
899,00;85,60
898,00;85,73
897,00;85,86
896,00;85,98
895,00;86,10
894,00;86,22
893,00;86,33
892,00;86,44
891,00;86,54
890,00;86,64
889,00;86,74
888,00;86,83
887,00;86,92
886,00;87,02
885,00;87,11
884,00;87,21
883,00;87,30
882,00;87,40
881,00;87,49
880,00;87,59
879,00;87,68
878,00;87,78
877,00;87,88
876,00;87,96
875,00;88,05
874,00;88,14
873,00;88,21
872,00;88,28
871,00;88,34
870,00;88,40
869,00;88,45
868,00;88,50
867,00;88,56
866,00;88,63
865,00;88,70
864,00;88,79
863,00;88,89
862,00;89,00
861,00;89,13
860,00;89,26
859,00;89,40
858,00;89,55
857,00;89,70
856,00;89,84
855,00;89,97
854,00;90,09
853,00;90,20
852,00;90,31
851,00;90,39
850,00;90,47
849,00;90,53
848,00;90,57
847,00;90,60
846,00;90,61
845,00;90,60
844,00;90,57
843,00;90,51
842,00;90,43
841,00;90,32
840,00;90,17
839,00;90,00
838,00;89,78
837,00;89,53
836,00;89,22
835,00;88,86
834,00;88,46
833,00;87,99
832,00;87,47
831,00;86,91
830,00;86,30
829,00;85,64
828,00;84,95
827,00;84,23
826,00;83,49
825,00;82,74
824,00;81,98
823,00;81,22
822,00;80,49
821,00;79,77
820,00;79,07
819,00;78,40
818,00;77,77
817,00;77,17
816,00;76,61
815,00;76,08
814,00;75,60
813,00;75,17
812,00;74,77
811,00;74,43
810,00;74,13
809,00;73,88
808,00;73,66
807,00;73,48
806,00;73,33
805,00;73,20
804,00;73,09
803,00;73,01
802,00;72,96
801,00;72,94
800,00;72,93
799,00;72,94
798,00;72,98
797,00;73,03
796,00;73,10
795,00;73,17
794,00;73,27
793,00;73,37
792,00;73,47
791,00;73,59
790,00;73,73
789,00;73,86
788,00;74,00
787,00;74,15
786,00;74,31
785,00;74,48
784,00;74,66
783,00;74,85
782,00;75,05
781,00;75,26
780,00;75,47
779,00;75,69
778,00;75,94
777,00;76,18
776,00;76,43
775,00;76,68
774,00;76,94
773,00;77,19
772,00;77,43
771,00;77,65
770,00;77,87
769,00;78,08
768,00;78,27
767,00;78,45
766,00;78,62
765,00;78,78
764,00;78,91
763,00;79,04
762,00;79,17
761,00;79,28
760,00;79,39
759,00;79,48
758,00;79,56
757,00;79,63
756,00;79,70
755,00;79,76
754,00;79,82
753,00;79,88
752,00;79,95
751,00;80,01
750,00;80,08
749,00;80,15
748,00;80,21
747,00;80,28
746,00;80,37
745,00;80,46
744,00;80,56
743,00;80,66
742,00;80,77
741,00;80,88
740,00;81,01
739,00;81,15
738,00;81,30
737,00;81,46
736,00;81,61
735,00;81,77
734,00;81,94
733,00;82,11
732,00;82,27
731,00;82,43
730,00;82,58
729,00;82,72
728,00;82,84
727,00;82,95
726,00;83,05
725,00;83,13
724,00;83,18
723,00;83,22
722,00;83,24
721,00;83,25
720,00;83,23
719,00;83,19
718,00;83,15
717,00;83,09
716,00;83,02
715,00;82,92
714,00;82,82
713,00;82,69
712,00;82,55
711,00;82,39
710,00;82,21
709,00;82,02
708,00;81,79
707,00;81,53
706,00;81,26
705,00;80,97
704,00;80,67
703,00;80,34
702,00;79,98
701,00;79,60
700,00;79,20
699,00;78,80
698,00;78,42
697,00;78,05
696,00;77,70
695,00;77,38
694,00;77,10
693,00;76,87
692,00;76,69
691,00;76,58
690,00;76,54
689,00;76,56
688,00;76,66
687,00;76,83
686,00;77,07
685,00;77,36
684,00;77,67
683,00;78,01
682,00;78,35
681,00;78,69
680,00;79,01
679,00;79,34
678,00;79,66
677,00;79,98
676,00;80,28
675,00;80,57
674,00;80,86
673,00;81,15
672,00;81,44
671,00;81,73
670,00;82,05
669,00;82,40
668,00;82,77
667,00;83,09
666,00;83,33
665,00;83,54
664,00;83,76
663,00;83,98
662,00;84,20
661,00;84,39
660,00;84,54
659,00;84,66
658,00;84,75
657,00;84,83
656,00;84,89
655,00;84,94
654,00;84,99
653,00;85,05
652,00;85,11
651,00;85,19
650,00;85,27
649,00;85,36
648,00;85,46
647,00;85,56
646,00;85,68
645,00;85,80
644,00;85,93
643,00;86,05
642,00;86,16
641,00;86,24
640,00;86,30
639,00;86,35
638,00;86,40
637,00;86,44
636,00;86,46
635,00;86,46
634,00;86,44
633,00;86,40
632,00;86,34
631,00;86,28
630,00;86,21
629,00;86,16
628,00;86,11
627,00;86,06
626,00;86,00
625,00;85,93
624,00;85,86
623,00;85,77
622,00;85,69
621,00;85,62
620,00;85,53
619,00;85,45
618,00;85,35
617,00;85,24
616,00;85,12
615,00;85,00
614,00;84,89
613,00;84,78
612,00;84,64
611,00;84,50
610,00;84,35
609,00;84,21
608,00;84,05
607,00;83,91
606,00;83,78
605,00;83,65
604,00;83,51
603,00;83,37
602,00;83,24
601,00;83,12
600,00;82,98
599,00;82,84
598,00;82,71
597,00;82,58
596,00;82,44
595,00;82,30
594,00;82,18
593,00;82,04
592,00;81,88
591,00;81,71
590,00;81,57
589,00;81,43
588,00;81,29
587,00;81,13
586,00;80,98
585,00;80,82
584,00;80,64
583,00;80,47
582,00;80,36
581,00;80,27
580,00;80,16
579,00;80,05
578,00;79,94
577,00;79,81
576,00;79,66
575,00;79,53
574,00;79,46
573,00;79,39
572,00;79,28
571,00;79,15
570,00;79,07
569,00;79,00
568,00;78,89
567,00;78,79
566,00;78,72
565,00;78,66
564,00;78,59
563,00;78,52
562,00;78,49
561,00;78,44
560,00;78,36
559,00;78,29
558,00;78,29
557,00;78,29
556,00;78,26
555,00;78,24
554,00;78,28
553,00;78,33
552,00;78,37
551,00;78,44
550,00;78,56
549,00;78,67
548,00;78,72
547,00;78,74
546,00;78,79
545,00;78,82
544,00;78,80
543,00;78,81
542,00;78,89
541,00;79,01
540,00;79,09
539,00;79,19
538,00;79,34
537,00;79,47
536,00;79,54
535,00;79,64
534,00;79,84
533,00;80,05
532,00;80,17
531,00;80,26
530,00;80,39
529,00;80,52
528,00;80,60
527,00;80,70
526,00;80,87
525,00;81,02
524,00;81,10
523,00;81,18
522,00;81,32
521,00;81,36
520,00;81,21
519,00;81,07
518,00;81,16
517,00;81,37
516,00;81,44
515,00;81,38
514,00;81,34
513,00;81,31
512,00;81,18
511,00;81,03
510,00;80,95
509,00;80,78
508,00;80,36
507,00;79,93
506,00;79,82
505,00;79,91
504,00;79,89
503,00;79,79
502,00;79,66
501,00;79,09
500,00;77,84
499,00;76,76
498,00;76,70
497,00;77,08
496,00;76,98
495,00;76,75
494,00;76,90
493,00;76,53
492,00;74,49
491,00;72,29
490,00;72,36
489,00;72,92
488,00;71,19
487,00;68,23
486,00;66,61
485,00;64,19
484,00;57,25
483,00;52,09
482,00;55,96
481,00;60,79
480,00;56,14
479,00;49,42
478,00;52,76
477,00;54,87
476,00;40,97
475,00;26,53
474,00;38,64
473,00;54,02
472,00;50,45
471,00;42,30
470,00;66,73
469,00;67,14
468,00;58,95
467,00;22,70
466,00;63,09
465,00;58,95
464,00;91,44
463,00;307,30
462,00;71,17
461,00;42,12
460,00;43,35
459,00;146,00
458,00;84,42
457,00;121,02
456,00;172,47
455,00;142,08
454,00;373,78
453,00;127,05
452,00;215,00
451,00;98,04
450,00;121,67
449,00;134,02
448,00;111,88
447,00;42,47
446,00;63,94
445,00;53,10
444,00;96,96
443,00;476,14
442,00;173,40
441,00;113,44
440,00;238,97
439,00;250,52
438,00;238,02
437,00;89,43
436,00;139,06
435,00;98,42
434,00;183,52
433,00;91,11
432,00;365,11
431,00;1059,19
430,00;174,51
429,00;38,54
428,00;102,32
427,00;91,57
426,00;90,18
425,00;83,79
424,00;87,27
423,00;60,51
422,00;95,37
421,00;93,91
420,00;94,12
419,00;84,28
418,00;69,43
417,00;91,88
416,00;93,17
415,00;154,09
414,00;165,62
413,00;98,30
412,00;312,83
411,00;340,05
410,00;97,46
409,00;75,99
408,00;72,29
407,00;87,60
406,00;117,04
405,00;119,61
404,00;162,96
403,00;82,26
402,00;94,36
401,00;125,12
400,00;144,22
