Criado como novo conjunto de dados;Amostra 014 por Analyst data segunda-feira, outubro 28 2024
cm-1;%T
4000,00;101,65
3999,00;101,65
3998,00;101,65
3997,00;101,65
3996,00;101,65
3995,00;101,65
3994,00;101,65
3993,00;101,65
3992,00;101,65
3991,00;101,65
3990,00;101,65
3989,00;101,65
3988,00;101,65
3987,00;101,65
3986,00;101,65
3985,00;101,65
3984,00;101,64
3983,00;101,64
3982,00;101,65
3981,00;101,65
3980,00;101,65
3979,00;101,65
3978,00;101,65
3977,00;101,65
3976,00;101,65
3975,00;101,65
3974,00;101,65
3973,00;101,65
3972,00;101,65
3971,00;101,65
3970,00;101,65
3969,00;101,65
3968,00;101,65
3967,00;101,65
3966,00;101,65
3965,00;101,65
3964,00;101,64
3963,00;101,65
3962,00;101,65
3961,00;101,65
3960,00;101,65
3959,00;101,65
3958,00;101,65
3957,00;101,65
3956,00;101,65
3955,00;101,65
3954,00;101,65
3953,00;101,64
3952,00;101,64
3951,00;101,64
3950,00;101,64
3949,00;101,65
3948,00;101,65
3947,00;101,65
3946,00;101,65
3945,00;101,65
3944,00;101,65
3943,00;101,65
3942,00;101,65
3941,00;101,65
3940,00;101,65
3939,00;101,65
3938,00;101,65
3937,00;101,65
3936,00;101,64
3935,00;101,64
3934,00;101,64
3933,00;101,64
3932,00;101,65
3931,00;101,66
3930,00;101,66
3929,00;101,66
3928,00;101,66
3927,00;101,66
3926,00;101,65
3925,00;101,65
3924,00;101,65
3923,00;101,65
3922,00;101,65
3921,00;101,65
3920,00;101,65
3919,00;101,65
3918,00;101,65
3917,00;101,66
3916,00;101,66
3915,00;101,66
3914,00;101,66
3913,00;101,66
3912,00;101,66
3911,00;101,65
3910,00;101,65
3909,00;101,64
3908,00;101,64
3907,00;101,64
3906,00;101,64
3905,00;101,65
3904,00;101,65
3903,00;101,65
3902,00;101,66
3901,00;101,67
3900,00;101,68
3899,00;101,69
3898,00;101,69
3897,00;101,68
3896,00;101,67
3895,00;101,66
3894,00;101,65
3893,00;101,65
3892,00;101,66
3891,00;101,66
3890,00;101,66
3889,00;101,65
3888,00;101,65
3887,00;101,66
3886,00;101,66
3885,00;101,66
3884,00;101,65
3883,00;101,65
3882,00;101,66
3881,00;101,68
3880,00;101,68
3879,00;101,68
3878,00;101,67
3877,00;101,66
3876,00;101,66
3875,00;101,66
3874,00;101,65
3873,00;101,65
3872,00;101,65
3871,00;101,66
3870,00;101,67
3869,00;101,67
3868,00;101,66
3867,00;101,66
3866,00;101,67
3865,00;101,67
3864,00;101,67
3863,00;101,67
3862,00;101,68
3861,00;101,68
3860,00;101,67
3859,00;101,66
3858,00;101,66
3857,00;101,66
3856,00;101,67
3855,00;101,67
3854,00;101,66
3853,00;101,65
3852,00;101,66
3851,00;101,68
3850,00;101,68
3849,00;101,68
3848,00;101,68
3847,00;101,66
3846,00;101,66
3845,00;101,65
3844,00;101,65
3843,00;101,64
3842,00;101,64
3841,00;101,64
3840,00;101,64
3839,00;101,65
3838,00;101,65
3837,00;101,65
3836,00;101,65
3835,00;101,66
3834,00;101,67
3833,00;101,67
3832,00;101,68
3831,00;101,67
3830,00;101,66
3829,00;101,65
3828,00;101,65
3827,00;101,65
3826,00;101,65
3825,00;101,64
3824,00;101,64
3823,00;101,64
3822,00;101,65
3821,00;101,65
3820,00;101,65
3819,00;101,65
3818,00;101,65
3817,00;101,66
3816,00;101,66
3815,00;101,66
3814,00;101,65
3813,00;101,65
3812,00;101,65
3811,00;101,65
3810,00;101,64
3809,00;101,63
3808,00;101,64
3807,00;101,64
3806,00;101,63
3805,00;101,62
3804,00;101,62
3803,00;101,63
3802,00;101,64
3801,00;101,65
3800,00;101,64
3799,00;101,64
3798,00;101,65
3797,00;101,66
3796,00;101,67
3795,00;101,66
3794,00;101,65
3793,00;101,65
3792,00;101,65
3791,00;101,64
3790,00;101,64
3789,00;101,63
3788,00;101,63
3787,00;101,62
3786,00;101,63
3785,00;101,63
3784,00;101,63
3783,00;101,63
3782,00;101,63
3781,00;101,63
3780,00;101,63
3779,00;101,63
3778,00;101,64
3777,00;101,64
3776,00;101,64
3775,00;101,63
3774,00;101,63
3773,00;101,62
3772,00;101,62
3771,00;101,62
3770,00;101,62
3769,00;101,62
3768,00;101,62
3767,00;101,62
3766,00;101,63
3765,00;101,63
3764,00;101,62
3763,00;101,61
3762,00;101,61
3761,00;101,60
3760,00;101,60
3759,00;101,60
3758,00;101,61
3757,00;101,62
3756,00;101,62
3755,00;101,61
3754,00;101,60
3753,00;101,59
3752,00;101,58
3751,00;101,58
3750,00;101,60
3749,00;101,61
3748,00;101,61
3747,00;101,61
3746,00;101,63
3745,00;101,64
3744,00;101,63
3743,00;101,61
3742,00;101,60
3741,00;101,60
3740,00;101,60
3739,00;101,60
3738,00;101,59
3737,00;101,59
3736,00;101,59
3735,00;101,60
3734,00;101,62
3733,00;101,64
3732,00;101,65
3731,00;101,63
3730,00;101,61
3729,00;101,60
3728,00;101,60
3727,00;101,59
3726,00;101,59
3725,00;101,58
3724,00;101,58
3723,00;101,58
3722,00;101,58
3721,00;101,58
3720,00;101,57
3719,00;101,56
3718,00;101,55
3717,00;101,54
3716,00;101,53
3715,00;101,52
3714,00;101,52
3713,00;101,51
3712,00;101,50
3711,00;101,50
3710,00;101,51
3709,00;101,52
3708,00;101,52
3707,00;101,51
3706,00;101,49
3705,00;101,47
3704,00;101,46
3703,00;101,45
3702,00;101,44
3701,00;101,43
3700,00;101,42
3699,00;101,41
3698,00;101,39
3697,00;101,37
3696,00;101,35
3695,00;101,33
3694,00;101,31
3693,00;101,29
3692,00;101,27
3691,00;101,25
3690,00;101,23
3689,00;101,22
3688,00;101,20
3687,00;101,17
3686,00;101,14
3685,00;101,12
3684,00;101,10
3683,00;101,07
3682,00;101,04
3681,00;101,01
3680,00;100,98
3679,00;100,95
3678,00;100,92
3677,00;100,90
3676,00;100,88
3675,00;100,84
3674,00;100,80
3673,00;100,77
3672,00;100,75
3671,00;100,72
3670,00;100,69
3669,00;100,65
3668,00;100,61
3667,00;100,58
3666,00;100,55
3665,00;100,52
3664,00;100,49
3663,00;100,46
3662,00;100,44
3661,00;100,41
3660,00;100,38
3659,00;100,36
3658,00;100,35
3657,00;100,33
3656,00;100,31
3655,00;100,28
3654,00;100,26
3653,00;100,25
3652,00;100,24
3651,00;100,22
3650,00;100,19
3649,00;100,17
3648,00;100,17
3647,00;100,16
3646,00;100,15
3645,00;100,13
3644,00;100,11
3643,00;100,09
3642,00;100,08
3641,00;100,06
3640,00;100,05
3639,00;100,03
3638,00;100,02
3637,00;100,01
3636,00;100,00
3635,00;99,99
3634,00;99,99
3633,00;99,98
3632,00;99,98
3631,00;99,99
3630,00;100,00
3629,00;99,99
3628,00;99,96
3627,00;99,94
3626,00;99,92
3625,00;99,91
3624,00;99,90
3623,00;99,89
3622,00;99,88
3621,00;99,88
3620,00;99,88
3619,00;99,87
3618,00;99,86
3617,00;99,85
3616,00;99,84
3615,00;99,83
3614,00;99,83
3613,00;99,82
3612,00;99,82
3611,00;99,81
3610,00;99,80
3609,00;99,79
3608,00;99,78
3607,00;99,77
3606,00;99,75
3605,00;99,74
3604,00;99,72
3603,00;99,71
3602,00;99,70
3601,00;99,69
3600,00;99,68
3599,00;99,67
3598,00;99,66
3597,00;99,65
3596,00;99,64
3595,00;99,63
3594,00;99,62
3593,00;99,61
3592,00;99,60
3591,00;99,59
3590,00;99,59
3589,00;99,58
3588,00;99,57
3587,00;99,56
3586,00;99,54
3585,00;99,52
3584,00;99,50
3583,00;99,48
3582,00;99,46
3581,00;99,45
3580,00;99,44
3579,00;99,43
3578,00;99,41
3577,00;99,40
3576,00;99,38
3575,00;99,37
3574,00;99,36
3573,00;99,34
3572,00;99,33
3571,00;99,31
3570,00;99,30
3569,00;99,29
3568,00;99,28
3567,00;99,27
3566,00;99,25
3565,00;99,23
3564,00;99,21
3563,00;99,18
3562,00;99,16
3561,00;99,14
3560,00;99,13
3559,00;99,11
3558,00;99,10
3557,00;99,08
3556,00;99,06
3555,00;99,04
3554,00;99,02
3553,00;99,00
3552,00;98,98
3551,00;98,96
3550,00;98,94
3549,00;98,92
3548,00;98,90
3547,00;98,88
3546,00;98,86
3545,00;98,83
3544,00;98,81
3543,00;98,79
3542,00;98,77
3541,00;98,76
3540,00;98,75
3539,00;98,73
3538,00;98,72
3537,00;98,70
3536,00;98,67
3535,00;98,65
3534,00;98,63
3533,00;98,61
3532,00;98,60
3531,00;98,58
3530,00;98,56
3529,00;98,54
3528,00;98,52
3527,00;98,50
3526,00;98,47
3525,00;98,45
3524,00;98,42
3523,00;98,40
3522,00;98,39
3521,00;98,37
3520,00;98,35
3519,00;98,33
3518,00;98,31
3517,00;98,29
3516,00;98,27
3515,00;98,25
3514,00;98,22
3513,00;98,20
3512,00;98,19
3511,00;98,17
3510,00;98,16
3509,00;98,14
3508,00;98,13
3507,00;98,11
3506,00;98,08
3505,00;98,06
3504,00;98,04
3503,00;98,01
3502,00;97,99
3501,00;97,97
3500,00;97,95
3499,00;97,93
3498,00;97,91
3497,00;97,90
3496,00;97,88
3495,00;97,86
3494,00;97,85
3493,00;97,83
3492,00;97,81
3491,00;97,80
3490,00;97,78
3489,00;97,76
3488,00;97,74
3487,00;97,72
3486,00;97,70
3485,00;97,69
3484,00;97,67
3483,00;97,66
3482,00;97,65
3481,00;97,62
3480,00;97,60
3479,00;97,58
3478,00;97,56
3477,00;97,55
3476,00;97,54
3475,00;97,53
3474,00;97,51
3473,00;97,50
3472,00;97,48
3471,00;97,46
3470,00;97,43
3469,00;97,41
3468,00;97,39
3467,00;97,38
3466,00;97,37
3465,00;97,36
3464,00;97,35
3463,00;97,34
3462,00;97,33
3461,00;97,31
3460,00;97,30
3459,00;97,28
3458,00;97,27
3457,00;97,26
3456,00;97,25
3455,00;97,24
3454,00;97,23
3453,00;97,22
3452,00;97,21
3451,00;97,20
3450,00;97,18
3449,00;97,17
3448,00;97,15
3447,00;97,14
3446,00;97,12
3445,00;97,11
3444,00;97,10
3443,00;97,09
3442,00;97,08
3441,00;97,06
3440,00;97,05
3439,00;97,03
3438,00;97,01
3437,00;96,99
3436,00;96,98
3435,00;96,97
3434,00;96,96
3433,00;96,95
3432,00;96,94
3431,00;96,94
3430,00;96,93
3429,00;96,92
3428,00;96,91
3427,00;96,91
3426,00;96,90
3425,00;96,90
3424,00;96,89
3423,00;96,89
3422,00;96,88
3421,00;96,87
3420,00;96,86
3419,00;96,85
3418,00;96,84
3417,00;96,84
3416,00;96,83
3415,00;96,82
3414,00;96,81
3413,00;96,80
3412,00;96,79
3411,00;96,78
3410,00;96,77
3409,00;96,77
3408,00;96,76
3407,00;96,76
3406,00;96,75
3405,00;96,75
3404,00;96,74
3403,00;96,73
3402,00;96,72
3401,00;96,71
3400,00;96,70
3399,00;96,70
3398,00;96,71
3397,00;96,71
3396,00;96,70
3395,00;96,70
3394,00;96,69
3393,00;96,69
3392,00;96,68
3391,00;96,68
3390,00;96,68
3389,00;96,69
3388,00;96,70
3387,00;96,70
3386,00;96,70
3385,00;96,70
3384,00;96,70
3383,00;96,70
3382,00;96,70
3381,00;96,70
3380,00;96,70
3379,00;96,70
3378,00;96,70
3377,00;96,70
3376,00;96,70
3375,00;96,70
3374,00;96,70
3373,00;96,69
3372,00;96,69
3371,00;96,68
3370,00;96,68
3369,00;96,67
3368,00;96,67
3367,00;96,68
3366,00;96,68
3365,00;96,69
3364,00;96,70
3363,00;96,71
3362,00;96,71
3361,00;96,72
3360,00;96,72
3359,00;96,72
3358,00;96,73
3357,00;96,73
3356,00;96,74
3355,00;96,74
3354,00;96,74
3353,00;96,74
3352,00;96,74
3351,00;96,74
3350,00;96,74
3349,00;96,74
3348,00;96,75
3347,00;96,75
3346,00;96,76
3345,00;96,76
3344,00;96,76
3343,00;96,76
3342,00;96,76
3341,00;96,76
3340,00;96,76
3339,00;96,76
3338,00;96,77
3337,00;96,77
3336,00;96,78
3335,00;96,79
3334,00;96,80
3333,00;96,81
3332,00;96,81
3331,00;96,82
3330,00;96,82
3329,00;96,83
3328,00;96,83
3327,00;96,83
3326,00;96,82
3325,00;96,82
3324,00;96,83
3323,00;96,83
3322,00;96,84
3321,00;96,84
3320,00;96,85
3319,00;96,86
3318,00;96,86
3317,00;96,87
3316,00;96,87
3315,00;96,87
3314,00;96,88
3313,00;96,88
3312,00;96,88
3311,00;96,88
3310,00;96,88
3309,00;96,88
3308,00;96,88
3307,00;96,87
3306,00;96,87
3305,00;96,88
3304,00;96,89
3303,00;96,90
3302,00;96,91
3301,00;96,92
3300,00;96,92
3299,00;96,93
3298,00;96,93
3297,00;96,93
3296,00;96,93
3295,00;96,92
3294,00;96,92
3293,00;96,93
3292,00;96,93
3291,00;96,94
3290,00;96,94
3289,00;96,95
3288,00;96,96
3287,00;96,96
3286,00;96,97
3285,00;96,97
3284,00;96,98
3283,00;96,98
3282,00;96,98
3281,00;96,99
3280,00;96,99
3279,00;97,00
3278,00;97,00
3277,00;97,00
3276,00;97,00
3275,00;97,00
3274,00;97,00
3273,00;97,00
3272,00;97,01
3271,00;97,01
3270,00;97,02
3269,00;97,02
3268,00;97,03
3267,00;97,03
3266,00;97,04
3265,00;97,05
3264,00;97,05
3263,00;97,06
3262,00;97,06
3261,00;97,07
3260,00;97,07
3259,00;97,07
3258,00;97,08
3257,00;97,08
3256,00;97,09
3255,00;97,09
3254,00;97,10
3253,00;97,10
3252,00;97,11
3251,00;97,12
3250,00;97,12
3249,00;97,13
3248,00;97,13
3247,00;97,13
3246,00;97,14
3245,00;97,14
3244,00;97,15
3243,00;97,16
3242,00;97,16
3241,00;97,17
3240,00;97,18
3239,00;97,19
3238,00;97,19
3237,00;97,20
3236,00;97,20
3235,00;97,21
3234,00;97,21
3233,00;97,22
3232,00;97,22
3231,00;97,23
3230,00;97,25
3229,00;97,26
3228,00;97,27
3227,00;97,28
3226,00;97,28
3225,00;97,29
3224,00;97,30
3223,00;97,31
3222,00;97,32
3221,00;97,33
3220,00;97,34
3219,00;97,35
3218,00;97,36
3217,00;97,36
3216,00;97,37
3215,00;97,38
3214,00;97,39
3213,00;97,40
3212,00;97,42
3211,00;97,43
3210,00;97,44
3209,00;97,45
3208,00;97,46
3207,00;97,47
3206,00;97,48
3205,00;97,49
3204,00;97,50
3203,00;97,51
3202,00;97,52
3201,00;97,53
3200,00;97,54
3199,00;97,56
3198,00;97,57
3197,00;97,58
3196,00;97,59
3195,00;97,60
3194,00;97,61
3193,00;97,62
3192,00;97,63
3191,00;97,64
3190,00;97,65
3189,00;97,66
3188,00;97,67
3187,00;97,69
3186,00;97,70
3185,00;97,71
3184,00;97,72
3183,00;97,74
3182,00;97,75
3181,00;97,76
3180,00;97,77
3179,00;97,79
3178,00;97,80
3177,00;97,81
3176,00;97,82
3175,00;97,83
3174,00;97,84
3173,00;97,86
3172,00;97,87
3171,00;97,88
3170,00;97,89
3169,00;97,90
3168,00;97,91
3167,00;97,92
3166,00;97,93
3165,00;97,94
3164,00;97,95
3163,00;97,96
3162,00;97,97
3161,00;97,98
3160,00;97,99
3159,00;98,01
3158,00;98,02
3157,00;98,03
3156,00;98,04
3155,00;98,04
3154,00;98,05
3153,00;98,05
3152,00;98,06
3151,00;98,08
3150,00;98,09
3149,00;98,11
3148,00;98,12
3147,00;98,14
3146,00;98,15
3145,00;98,16
3144,00;98,17
3143,00;98,18
3142,00;98,19
3141,00;98,20
3140,00;98,20
3139,00;98,21
3138,00;98,23
3137,00;98,24
3136,00;98,25
3135,00;98,26
3134,00;98,28
3133,00;98,29
3132,00;98,30
3131,00;98,31
3130,00;98,32
3129,00;98,33
3128,00;98,34
3127,00;98,35
3126,00;98,36
3125,00;98,37
3124,00;98,38
3123,00;98,39
3122,00;98,40
3121,00;98,41
3120,00;98,41
3119,00;98,42
3118,00;98,43
3117,00;98,44
3116,00;98,45
3115,00;98,46
3114,00;98,48
3113,00;98,49
3112,00;98,51
3111,00;98,52
3110,00;98,53
3109,00;98,54
3108,00;98,55
3107,00;98,56
3106,00;98,57
3105,00;98,59
3104,00;98,60
3103,00;98,61
3102,00;98,62
3101,00;98,63
3100,00;98,64
3099,00;98,65
3098,00;98,66
3097,00;98,67
3096,00;98,69
3095,00;98,70
3094,00;98,71
3093,00;98,72
3092,00;98,73
3091,00;98,73
3090,00;98,74
3089,00;98,75
3088,00;98,76
3087,00;98,77
3086,00;98,78
3085,00;98,79
3084,00;98,80
3083,00;98,81
3082,00;98,82
3081,00;98,83
3080,00;98,83
3079,00;98,84
3078,00;98,85
3077,00;98,87
3076,00;98,88
3075,00;98,90
3074,00;98,91
3073,00;98,93
3072,00;98,94
3071,00;98,95
3070,00;98,95
3069,00;98,96
3068,00;98,97
3067,00;98,97
3066,00;98,98
3065,00;99,00
3064,00;99,01
3063,00;99,02
3062,00;99,04
3061,00;99,05
3060,00;99,06
3059,00;99,07
3058,00;99,08
3057,00;99,08
3056,00;99,09
3055,00;99,10
3054,00;99,11
3053,00;99,12
3052,00;99,13
3051,00;99,14
3050,00;99,15
3049,00;99,16
3048,00;99,17
3047,00;99,18
3046,00;99,19
3045,00;99,20
3044,00;99,21
3043,00;99,22
3042,00;99,23
3041,00;99,24
3040,00;99,25
3039,00;99,26
3038,00;99,28
3037,00;99,29
3036,00;99,29
3035,00;99,30
3034,00;99,31
3033,00;99,32
3032,00;99,33
3031,00;99,34
3030,00;99,35
3029,00;99,36
3028,00;99,37
3027,00;99,38
3026,00;99,39
3025,00;99,40
3024,00;99,41
3023,00;99,42
3022,00;99,43
3021,00;99,44
3020,00;99,45
3019,00;99,45
3018,00;99,46
3017,00;99,47
3016,00;99,47
3015,00;99,48
3014,00;99,49
3013,00;99,50
3012,00;99,51
3011,00;99,52
3010,00;99,53
3009,00;99,54
3008,00;99,56
3007,00;99,57
3006,00;99,57
3005,00;99,58
3004,00;99,59
3003,00;99,60
3002,00;99,60
3001,00;99,61
3000,00;99,62
2999,00;99,63
2998,00;99,63
2997,00;99,64
2996,00;99,65
2995,00;99,66
2994,00;99,67
2993,00;99,68
2992,00;99,69
2991,00;99,70
2990,00;99,70
2989,00;99,71
2988,00;99,72
2987,00;99,73
2986,00;99,74
2985,00;99,75
2984,00;99,76
2983,00;99,77
2982,00;99,77
2981,00;99,78
2980,00;99,78
2979,00;99,79
2978,00;99,80
2977,00;99,81
2976,00;99,82
2975,00;99,83
2974,00;99,84
2973,00;99,85
2972,00;99,86
2971,00;99,87
2970,00;99,88
2969,00;99,89
2968,00;99,89
2967,00;99,90
2966,00;99,91
2965,00;99,92
2964,00;99,92
2963,00;99,93
2962,00;99,94
2961,00;99,95
2960,00;99,96
2959,00;99,97
2958,00;99,98
2957,00;99,99
2956,00;99,99
2955,00;100,00
2954,00;100,01
2953,00;100,01
2952,00;100,02
2951,00;100,03
2950,00;100,04
2949,00;100,05
2948,00;100,05
2947,00;100,06
2946,00;100,07
2945,00;100,07
2944,00;100,08
2943,00;100,09
2942,00;100,09
2941,00;100,10
2940,00;100,11
2939,00;100,12
2938,00;100,13
2937,00;100,14
2936,00;100,15
2935,00;100,15
2934,00;100,16
2933,00;100,17
2932,00;100,17
2931,00;100,18
2930,00;100,19
2929,00;100,19
2928,00;100,20
2927,00;100,21
2926,00;100,22
2925,00;100,23
2924,00;100,24
2923,00;100,24
2922,00;100,25
2921,00;100,26
2920,00;100,26
2919,00;100,27
2918,00;100,27
2917,00;100,28
2916,00;100,29
2915,00;100,29
2914,00;100,30
2913,00;100,31
2912,00;100,32
2911,00;100,32
2910,00;100,33
2909,00;100,34
2908,00;100,35
2907,00;100,36
2906,00;100,37
2905,00;100,37
2904,00;100,38
2903,00;100,38
2902,00;100,39
2901,00;100,40
2900,00;100,41
2899,00;100,41
2898,00;100,42
2897,00;100,42
2896,00;100,43
2895,00;100,44
2894,00;100,45
2893,00;100,45
2892,00;100,46
2891,00;100,47
2890,00;100,48
2889,00;100,48
2888,00;100,49
2887,00;100,50
2886,00;100,50
2885,00;100,51
2884,00;100,51
2883,00;100,52
2882,00;100,52
2881,00;100,53
2880,00;100,54
2879,00;100,54
2878,00;100,55
2877,00;100,56
2876,00;100,56
2875,00;100,57
2874,00;100,57
2873,00;100,58
2872,00;100,58
2871,00;100,59
2870,00;100,60
2869,00;100,61
2868,00;100,61
2867,00;100,62
2866,00;100,63
2865,00;100,63
2864,00;100,64
2863,00;100,65
2862,00;100,65
2861,00;100,66
2860,00;100,66
2859,00;100,67
2858,00;100,67
2857,00;100,68
2856,00;100,68
2855,00;100,69
2854,00;100,69
2853,00;100,70
2852,00;100,71
2851,00;100,71
2850,00;100,72
2849,00;100,73
2848,00;100,73
2847,00;100,74
2846,00;100,74
2845,00;100,75
2844,00;100,75
2843,00;100,76
2842,00;100,77
2841,00;100,77
2840,00;100,77
2839,00;100,78
2838,00;100,78
2837,00;100,78
2836,00;100,79
2835,00;100,80
2834,00;100,80
2833,00;100,81
2832,00;100,81
2831,00;100,81
2830,00;100,82
2829,00;100,83
2828,00;100,83
2827,00;100,84
2826,00;100,85
2825,00;100,85
2824,00;100,86
2823,00;100,86
2822,00;100,87
2821,00;100,87
2820,00;100,88
2819,00;100,88
2818,00;100,88
2817,00;100,89
2816,00;100,89
2815,00;100,89
2814,00;100,90
2813,00;100,90
2812,00;100,91
2811,00;100,91
2810,00;100,91
2809,00;100,92
2808,00;100,92
2807,00;100,93
2806,00;100,93
2805,00;100,94
2804,00;100,94
2803,00;100,94
2802,00;100,94
2801,00;100,95
2800,00;100,95
2799,00;100,96
2798,00;100,96
2797,00;100,97
2796,00;100,97
2795,00;100,97
2794,00;100,98
2793,00;100,98
2792,00;100,98
2791,00;100,99
2790,00;100,99
2789,00;100,99
2788,00;101,00
2787,00;101,00
2786,00;101,01
2785,00;101,01
2784,00;101,02
2783,00;101,02
2782,00;101,02
2781,00;101,02
2780,00;101,02
2779,00;101,03
2778,00;101,03
2777,00;101,04
2776,00;101,04
2775,00;101,04
2774,00;101,05
2773,00;101,05
2772,00;101,06
2771,00;101,06
2770,00;101,06
2769,00;101,07
2768,00;101,07
2767,00;101,07
2766,00;101,08
2765,00;101,08
2764,00;101,08
2763,00;101,09
2762,00;101,09
2761,00;101,10
2760,00;101,10
2759,00;101,10
2758,00;101,11
2757,00;101,11
2756,00;101,11
2755,00;101,11
2754,00;101,12
2753,00;101,12
2752,00;101,12
2751,00;101,12
2750,00;101,13
2749,00;101,13
2748,00;101,13
2747,00;101,14
2746,00;101,14
2745,00;101,14
2744,00;101,14
2743,00;101,14
2742,00;101,15
2741,00;101,15
2740,00;101,16
2739,00;101,16
2738,00;101,16
2737,00;101,16
2736,00;101,17
2735,00;101,17
2734,00;101,17
2733,00;101,18
2732,00;101,18
2731,00;101,18
2730,00;101,18
2729,00;101,19
2728,00;101,19
2727,00;101,19
2726,00;101,19
2725,00;101,20
2724,00;101,20
2723,00;101,20
2722,00;101,20
2721,00;101,21
2720,00;101,21
2719,00;101,22
2718,00;101,22
2717,00;101,22
2716,00;101,22
2715,00;101,22
2714,00;101,22
2713,00;101,23
2712,00;101,23
2711,00;101,23
2710,00;101,23
2709,00;101,24
2708,00;101,24
2707,00;101,24
2706,00;101,25
2705,00;101,25
2704,00;101,25
2703,00;101,25
2702,00;101,25
2701,00;101,25
2700,00;101,26
2699,00;101,26
2698,00;101,26
2697,00;101,27
2696,00;101,27
2695,00;101,27
2694,00;101,27
2693,00;101,27
2692,00;101,28
2691,00;101,28
2690,00;101,28
2689,00;101,28
2688,00;101,29
2687,00;101,29
2686,00;101,29
2685,00;101,29
2684,00;101,29
2683,00;101,29
2682,00;101,29
2681,00;101,30
2680,00;101,30
2679,00;101,30
2678,00;101,30
2677,00;101,31
2676,00;101,31
2675,00;101,31
2674,00;101,31
2673,00;101,31
2672,00;101,31
2671,00;101,31
2670,00;101,32
2669,00;101,31
2668,00;101,31
2667,00;101,31
2666,00;101,30
2665,00;101,29
2664,00;101,28
2663,00;101,26
2662,00;101,24
2661,00;101,23
2660,00;101,22
2659,00;101,21
2658,00;101,20
2657,00;101,20
2656,00;101,20
2655,00;101,19
2654,00;101,19
2653,00;101,19
2652,00;101,18
2651,00;101,18
2650,00;101,18
2649,00;101,19
2648,00;101,19
2647,00;101,19
2646,00;101,19
2645,00;101,19
2644,00;101,20
2643,00;101,20
2642,00;101,20
2641,00;101,20
2640,00;101,21
2639,00;101,21
2638,00;101,21
2637,00;101,22
2636,00;101,22
2635,00;101,23
2634,00;101,23
2633,00;101,23
2632,00;101,24
2631,00;101,24
2630,00;101,24
2629,00;101,25
2628,00;101,25
2627,00;101,25
2626,00;101,26
2625,00;101,26
2624,00;101,27
2623,00;101,27
2622,00;101,28
2621,00;101,28
2620,00;101,29
2619,00;101,29
2618,00;101,29
2617,00;101,30
2616,00;101,30
2615,00;101,30
2614,00;101,30
2613,00;101,31
2612,00;101,32
2611,00;101,32
2610,00;101,33
2609,00;101,33
2608,00;101,34
2607,00;101,34
2606,00;101,34
2605,00;101,34
2604,00;101,35
2603,00;101,35
2602,00;101,36
2601,00;101,36
2600,00;101,37
2599,00;101,38
2598,00;101,38
2597,00;101,39
2596,00;101,39
2595,00;101,39
2594,00;101,39
2593,00;101,40
2592,00;101,40
2591,00;101,40
2590,00;101,40
2589,00;101,41
2588,00;101,41
2587,00;101,42
2586,00;101,42
2585,00;101,42
2584,00;101,42
2583,00;101,42
2582,00;101,43
2581,00;101,43
2580,00;101,44
2579,00;101,44
2578,00;101,44
2577,00;101,45
2576,00;101,45
2575,00;101,45
2574,00;101,46
2573,00;101,46
2572,00;101,46
2571,00;101,46
2570,00;101,47
2569,00;101,47
2568,00;101,47
2567,00;101,47
2566,00;101,47
2565,00;101,48
2564,00;101,48
2563,00;101,48
2562,00;101,49
2561,00;101,49
2560,00;101,49
2559,00;101,49
2558,00;101,50
2557,00;101,50
2556,00;101,50
2555,00;101,50
2554,00;101,50
2553,00;101,51
2552,00;101,51
2551,00;101,51
2550,00;101,51
2549,00;101,52
2548,00;101,52
2547,00;101,52
2546,00;101,52
2545,00;101,52
2544,00;101,52
2543,00;101,52
2542,00;101,52
2541,00;101,52
2540,00;101,52
2539,00;101,53
2538,00;101,53
2537,00;101,53
2536,00;101,54
2535,00;101,54
2534,00;101,54
2533,00;101,54
2532,00;101,54
2531,00;101,54
2530,00;101,54
2529,00;101,54
2528,00;101,54
2527,00;101,54
2526,00;101,55
2525,00;101,55
2524,00;101,55
2523,00;101,55
2522,00;101,56
2521,00;101,56
2520,00;101,56
2519,00;101,56
2518,00;101,56
2517,00;101,56
2516,00;101,56
2515,00;101,56
2514,00;101,55
2513,00;101,55
2512,00;101,55
2511,00;101,55
2510,00;101,56
2509,00;101,56
2508,00;101,56
2507,00;101,57
2506,00;101,57
2505,00;101,57
2504,00;101,56
2503,00;101,56
2502,00;101,56
2501,00;101,56
2500,00;101,56
2499,00;101,56
2498,00;101,56
2497,00;101,56
2496,00;101,56
2495,00;101,56
2494,00;101,56
2493,00;101,56
2492,00;101,56
2491,00;101,57
2490,00;101,57
2489,00;101,57
2488,00;101,57
2487,00;101,57
2486,00;101,57
2485,00;101,57
2484,00;101,57
2483,00;101,57
2482,00;101,57
2481,00;101,58
2480,00;101,58
2479,00;101,58
2478,00;101,58
2477,00;101,58
2476,00;101,58
2475,00;101,58
2474,00;101,58
2473,00;101,58
2472,00;101,58
2471,00;101,58
2470,00;101,58
2469,00;101,59
2468,00;101,59
2467,00;101,58
2466,00;101,58
2465,00;101,57
2464,00;101,56
2463,00;101,56
2462,00;101,55
2461,00;101,55
2460,00;101,54
2459,00;101,53
2458,00;101,53
2457,00;101,52
2456,00;101,52
2455,00;101,51
2454,00;101,51
2453,00;101,51
2452,00;101,52
2451,00;101,52
2450,00;101,52
2449,00;101,53
2448,00;101,53
2447,00;101,54
2446,00;101,54
2445,00;101,55
2444,00;101,55
2443,00;101,56
2442,00;101,57
2441,00;101,57
2440,00;101,57
2439,00;101,57
2438,00;101,57
2437,00;101,57
2436,00;101,58
2435,00;101,58
2434,00;101,59
2433,00;101,60
2432,00;101,60
2431,00;101,60
2430,00;101,61
2429,00;101,61
2428,00;101,61
2427,00;101,61
2426,00;101,61
2425,00;101,62
2424,00;101,62
2423,00;101,62
2422,00;101,62
2421,00;101,63
2420,00;101,63
2419,00;101,64
2418,00;101,64
2417,00;101,64
2416,00;101,63
2415,00;101,63
2414,00;101,63
2413,00;101,63
2412,00;101,63
2411,00;101,63
2410,00;101,63
2409,00;101,64
2408,00;101,65
2407,00;101,66
2406,00;101,68
2405,00;101,69
2404,00;101,69
2403,00;101,69
2402,00;101,69
2401,00;101,69
2400,00;101,68
2399,00;101,68
2398,00;101,68
2397,00;101,68
2396,00;101,68
2395,00;101,68
2394,00;101,68
2393,00;101,69
2392,00;101,69
2391,00;101,69
2390,00;101,69
2389,00;101,69
2388,00;101,69
2387,00;101,70
2386,00;101,71
2385,00;101,72
2384,00;101,74
2383,00;101,75
2382,00;101,77
2381,00;101,78
2380,00;101,79
2379,00;101,79
2378,00;101,79
2377,00;101,78
2376,00;101,77
2375,00;101,76
2374,00;101,75
2373,00;101,74
2372,00;101,74
2371,00;101,74
2370,00;101,75
2369,00;101,76
2368,00;101,77
2367,00;101,78
2366,00;101,78
2365,00;101,77
2364,00;101,76
2363,00;101,75
2362,00;101,74
2361,00;101,73
2360,00;101,73
2359,00;101,72
2358,00;101,72
2357,00;101,72
2356,00;101,72
2355,00;101,73
2354,00;101,75
2353,00;101,76
2352,00;101,76
2351,00;101,74
2350,00;101,70
2349,00;101,67
2348,00;101,65
2347,00;101,66
2346,00;101,66
2345,00;101,65
2344,00;101,63
2343,00;101,62
2342,00;101,60
2341,00;101,59
2340,00;101,59
2339,00;101,58
2338,00;101,58
2337,00;101,58
2336,00;101,57
2335,00;101,57
2334,00;101,58
2333,00;101,59
2332,00;101,60
2331,00;101,61
2330,00;101,60
2329,00;101,58
2328,00;101,53
2327,00;101,44
2326,00;101,32
2325,00;101,20
2324,00;101,13
2323,00;101,13
2322,00;101,18
2321,00;101,24
2320,00;101,29
2319,00;101,32
2318,00;101,35
2317,00;101,37
2316,00;101,39
2315,00;101,41
2314,00;101,43
2313,00;101,45
2312,00;101,46
2311,00;101,47
2310,00;101,48
2309,00;101,48
2308,00;101,48
2307,00;101,48
2306,00;101,47
2305,00;101,47
2304,00;101,47
2303,00;101,46
2302,00;101,45
2301,00;101,45
2300,00;101,44
2299,00;101,44
2298,00;101,43
2297,00;101,42
2296,00;101,41
2295,00;101,39
2294,00;101,37
2293,00;101,34
2292,00;101,32
2291,00;101,30
2290,00;101,28
2289,00;101,26
2288,00;101,25
2287,00;101,24
2286,00;101,24
2285,00;101,24
2284,00;101,27
2283,00;101,30
2282,00;101,33
2281,00;101,35
2280,00;101,37
2279,00;101,39
2278,00;101,41
2277,00;101,43
2276,00;101,44
2275,00;101,46
2274,00;101,47
2273,00;101,49
2272,00;101,50
2271,00;101,51
2270,00;101,53
2269,00;101,54
2268,00;101,56
2267,00;101,58
2266,00;101,60
2265,00;101,62
2264,00;101,63
2263,00;101,63
2262,00;101,63
2261,00;101,63
2260,00;101,62
2259,00;101,62
2258,00;101,61
2257,00;101,62
2256,00;101,65
2255,00;101,69
2254,00;101,73
2253,00;101,76
2252,00;101,76
2251,00;101,75
2250,00;101,75
2249,00;101,74
2248,00;101,74
2247,00;101,75
2246,00;101,75
2245,00;101,76
2244,00;101,76
2243,00;101,76
2242,00;101,76
2241,00;101,77
2240,00;101,77
2239,00;101,78
2238,00;101,78
2237,00;101,79
2236,00;101,79
2235,00;101,80
2234,00;101,81
2233,00;101,82
2232,00;101,84
2231,00;101,86
2230,00;101,88
2229,00;101,88
2228,00;101,88
2227,00;101,89
2226,00;101,91
2225,00;101,93
2224,00;101,95
2223,00;101,96
2222,00;101,96
2221,00;101,97
2220,00;101,98
2219,00;101,99
2218,00;102,01
2217,00;102,02
2216,00;102,04
2215,00;102,05
2214,00;102,07
2213,00;102,09
2212,00;102,09
2211,00;102,09
2210,00;102,10
2209,00;102,11
2208,00;102,12
2207,00;102,13
2206,00;102,14
2205,00;102,14
2204,00;102,14
2203,00;102,14
2202,00;102,16
2201,00;102,17
2200,00;102,19
2199,00;102,21
2198,00;102,21
2197,00;102,21
2196,00;102,20
2195,00;102,20
2194,00;102,21
2193,00;102,22
2192,00;102,22
2191,00;102,22
2190,00;102,22
2189,00;102,22
2188,00;102,22
2187,00;102,23
2186,00;102,24
2185,00;102,27
2184,00;102,32
2183,00;102,40
2182,00;102,50
2181,00;102,57
2180,00;102,59
2179,00;102,57
2178,00;102,55
2177,00;102,55
2176,00;102,59
2175,00;102,64
2174,00;102,68
2173,00;102,66
2172,00;102,60
2171,00;102,53
2170,00;102,45
2169,00;102,37
2168,00;102,32
2167,00;102,29
2166,00;102,30
2165,00;102,31
2164,00;102,32
2163,00;102,31
2162,00;102,34
2161,00;102,48
2160,00;102,83
2159,00;103,31
2158,00;103,76
2157,00;103,97
2156,00;103,95
2155,00;103,80
2154,00;103,64
2153,00;103,49
2152,00;103,37
2151,00;103,27
2150,00;103,21
2149,00;103,17
2148,00;103,15
2147,00;103,13
2146,00;103,12
2145,00;103,10
2144,00;103,08
2143,00;103,05
2142,00;103,02
2141,00;102,99
2140,00;102,96
2139,00;102,94
2138,00;102,93
2137,00;102,93
2136,00;102,95
2135,00;103,00
2134,00;103,04
2133,00;103,04
2132,00;103,00
2131,00;102,92
2130,00;102,84
2129,00;102,76
2128,00;102,69
2127,00;102,63
2126,00;102,57
2125,00;102,52
2124,00;102,47
2123,00;102,43
2122,00;102,39
2121,00;102,36
2120,00;102,34
2119,00;102,31
2118,00;102,28
2117,00;102,25
2116,00;102,21
2115,00;102,17
2114,00;102,14
2113,00;102,12
2112,00;102,12
2111,00;102,13
2110,00;102,14
2109,00;102,16
2108,00;102,17
2107,00;102,18
2106,00;102,19
2105,00;102,20
2104,00;102,20
2103,00;102,21
2102,00;102,21
2101,00;102,21
2100,00;102,21
2099,00;102,22
2098,00;102,24
2097,00;102,28
2096,00;102,34
2095,00;102,40
2094,00;102,43
2093,00;102,42
2092,00;102,39
2091,00;102,34
2090,00;102,30
2089,00;102,26
2088,00;102,24
2087,00;102,22
2086,00;102,20
2085,00;102,19
2084,00;102,17
2083,00;102,17
2082,00;102,16
2081,00;102,16
2080,00;102,15
2079,00;102,15
2078,00;102,16
2077,00;102,17
2076,00;102,18
2075,00;102,20
2074,00;102,21
2073,00;102,22
2072,00;102,23
2071,00;102,23
2070,00;102,24
2069,00;102,25
2068,00;102,25
2067,00;102,26
2066,00;102,28
2065,00;102,29
2064,00;102,29
2063,00;102,29
2062,00;102,28
2061,00;102,28
2060,00;102,27
2059,00;102,25
2058,00;102,24
2057,00;102,22
2056,00;102,21
2055,00;102,21
2054,00;102,20
2053,00;102,13
2052,00;102,01
2051,00;101,90
2050,00;101,88
2049,00;101,98
2048,00;102,12
2047,00;102,23
2046,00;102,29
2045,00;102,31
2044,00;102,31
2043,00;102,29
2042,00;102,27
2041,00;102,26
2040,00;102,25
2039,00;102,25
2038,00;102,24
2037,00;102,23
2036,00;102,24
2035,00;102,28
2034,00;102,34
2033,00;102,40
2032,00;102,42
2031,00;102,43
2030,00;102,43
2029,00;102,43
2028,00;102,43
2027,00;102,42
2026,00;102,40
2025,00;102,39
2024,00;102,38
2023,00;102,37
2022,00;102,36
2021,00;102,36
2020,00;102,35
2019,00;102,34
2018,00;102,33
2017,00;102,30
2016,00;102,27
2015,00;102,24
2014,00;102,22
2013,00;102,21
2012,00;102,18
2011,00;102,15
2010,00;102,12
2009,00;102,11
2008,00;102,14
2007,00;102,21
2006,00;102,28
2005,00;102,31
2004,00;102,28
2003,00;102,23
2002,00;102,17
2001,00;102,10
2000,00;102,04
1999,00;101,98
1998,00;101,93
1997,00;101,89
1996,00;101,85
1995,00;101,83
1994,00;101,82
1993,00;101,81
1992,00;101,80
1991,00;101,77
1990,00;101,74
1989,00;101,70
1988,00;101,67
1987,00;101,64
1986,00;101,62
1985,00;101,61
1984,00;101,58
1983,00;101,52
1982,00;101,44
1981,00;101,36
1980,00;101,34
1979,00;101,43
1978,00;101,63
1977,00;101,87
1976,00;102,05
1975,00;102,13
1974,00;102,16
1973,00;102,16
1972,00;102,15
1971,00;102,15
1970,00;102,14
1969,00;102,15
1968,00;102,16
1967,00;102,18
1966,00;102,19
1965,00;102,19
1964,00;102,18
1963,00;102,17
1962,00;102,18
1961,00;102,21
1960,00;102,25
1959,00;102,28
1958,00;102,29
1957,00;102,27
1956,00;102,22
1955,00;102,17
1954,00;102,13
1953,00;102,11
1952,00;102,10
1951,00;102,09
1950,00;102,08
1949,00;102,07
1948,00;102,06
1947,00;102,06
1946,00;102,06
1945,00;102,06
1944,00;102,06
1943,00;102,06
1942,00;102,06
1941,00;102,05
1940,00;102,04
1939,00;102,02
1938,00;102,01
1937,00;102,00
1936,00;101,99
1935,00;101,99
1934,00;101,98
1933,00;101,97
1932,00;101,97
1931,00;101,96
1930,00;101,96
1929,00;101,96
1928,00;101,95
1927,00;101,95
1926,00;101,95
1925,00;101,95
1924,00;101,94
1923,00;101,92
1922,00;101,90
1921,00;101,87
1920,00;101,85
1919,00;101,84
1918,00;101,83
1917,00;101,82
1916,00;101,80
1915,00;101,78
1914,00;101,77
1913,00;101,76
1912,00;101,75
1911,00;101,75
1910,00;101,74
1909,00;101,74
1908,00;101,73
1907,00;101,71
1906,00;101,70
1905,00;101,69
1904,00;101,67
1903,00;101,66
1902,00;101,65
1901,00;101,64
1900,00;101,63
1899,00;101,62
1898,00;101,61
1897,00;101,60
1896,00;101,59
1895,00;101,58
1894,00;101,57
1893,00;101,56
1892,00;101,55
1891,00;101,54
1890,00;101,54
1889,00;101,53
1888,00;101,52
1887,00;101,51
1886,00;101,50
1885,00;101,49
1884,00;101,48
1883,00;101,47
1882,00;101,47
1881,00;101,46
1880,00;101,45
1879,00;101,44
1878,00;101,43
1877,00;101,42
1876,00;101,41
1875,00;101,41
1874,00;101,40
1873,00;101,40
1872,00;101,40
1871,00;101,41
1870,00;101,42
1869,00;101,43
1868,00;101,43
1867,00;101,43
1866,00;101,42
1865,00;101,41
1864,00;101,40
1863,00;101,39
1862,00;101,39
1861,00;101,39
1860,00;101,39
1859,00;101,39
1858,00;101,40
1857,00;101,40
1856,00;101,40
1855,00;101,40
1854,00;101,40
1853,00;101,41
1852,00;101,41
1851,00;101,41
1850,00;101,41
1849,00;101,42
1848,00;101,42
1847,00;101,43
1846,00;101,44
1845,00;101,46
1844,00;101,46
1843,00;101,47
1842,00;101,46
1841,00;101,46
1840,00;101,46
1839,00;101,45
1838,00;101,45
1837,00;101,45
1836,00;101,45
1835,00;101,45
1834,00;101,45
1833,00;101,46
1832,00;101,46
1831,00;101,46
1830,00;101,46
1829,00;101,46
1828,00;101,46
1827,00;101,46
1826,00;101,46
1825,00;101,45
1824,00;101,45
1823,00;101,44
1822,00;101,44
1821,00;101,44
1820,00;101,45
1819,00;101,48
1818,00;101,51
1817,00;101,53
1816,00;101,54
1815,00;101,52
1814,00;101,50
1813,00;101,48
1812,00;101,46
1811,00;101,45
1810,00;101,44
1809,00;101,43
1808,00;101,43
1807,00;101,42
1806,00;101,41
1805,00;101,40
1804,00;101,40
1803,00;101,39
1802,00;101,39
1801,00;101,39
1800,00;101,39
1799,00;101,39
1798,00;101,38
1797,00;101,37
1796,00;101,37
1795,00;101,37
1794,00;101,36
1793,00;101,36
1792,00;101,36
1791,00;101,36
1790,00;101,36
1789,00;101,36
1788,00;101,35
1787,00;101,35
1786,00;101,34
1785,00;101,33
1784,00;101,33
1783,00;101,32
1782,00;101,32
1781,00;101,32
1780,00;101,32
1779,00;101,32
1778,00;101,33
1777,00;101,33
1776,00;101,33
1775,00;101,32
1774,00;101,32
1773,00;101,31
1772,00;101,31
1771,00;101,31
1770,00;101,31
1769,00;101,31
1768,00;101,30
1767,00;101,29
1766,00;101,28
1765,00;101,27
1764,00;101,27
1763,00;101,27
1762,00;101,26
1761,00;101,26
1760,00;101,26
1759,00;101,25
1758,00;101,25
1757,00;101,24
1756,00;101,23
1755,00;101,23
1754,00;101,23
1753,00;101,22
1752,00;101,21
1751,00;101,21
1750,00;101,21
1749,00;101,21
1748,00;101,21
1747,00;101,20
1746,00;101,20
1745,00;101,19
1744,00;101,18
1743,00;101,18
1742,00;101,17
1741,00;101,16
1740,00;101,15
1739,00;101,14
1738,00;101,13
1737,00;101,13
1736,00;101,13
1735,00;101,12
1734,00;101,10
1733,00;101,10
1732,00;101,10
1731,00;101,09
1730,00;101,09
1729,00;101,08
1728,00;101,07
1727,00;101,06
1726,00;101,05
1725,00;101,04
1724,00;101,03
1723,00;101,02
1722,00;101,01
1721,00;101,00
1720,00;101,00
1719,00;100,98
1718,00;100,96
1717,00;100,95
1716,00;100,95
1715,00;100,95
1714,00;100,93
1713,00;100,92
1712,00;100,91
1711,00;100,89
1710,00;100,87
1709,00;100,86
1708,00;100,84
1707,00;100,83
1706,00;100,81
1705,00;100,79
1704,00;100,78
1703,00;100,77
1702,00;100,76
1701,00;100,73
1700,00;100,69
1699,00;100,67
1698,00;100,66
1697,00;100,66
1696,00;100,64
1695,00;100,60
1694,00;100,57
1693,00;100,55
1692,00;100,53
1691,00;100,51
1690,00;100,48
1689,00;100,45
1688,00;100,43
1687,00;100,42
1686,00;100,40
1685,00;100,36
1684,00;100,31
1683,00;100,28
1682,00;100,26
1681,00;100,24
1680,00;100,21
1679,00;100,18
1678,00;100,16
1677,00;100,14
1676,00;100,10
1675,00;100,05
1674,00;100,01
1673,00;99,99
1672,00;99,96
1671,00;99,94
1670,00;99,90
1669,00;99,85
1668,00;99,81
1667,00;99,78
1666,00;99,75
1665,00;99,73
1664,00;99,69
1663,00;99,64
1662,00;99,60
1661,00;99,56
1660,00;99,53
1659,00;99,49
1658,00;99,46
1657,00;99,43
1656,00;99,42
1655,00;99,40
1654,00;99,35
1653,00;99,27
1652,00;99,20
1651,00;99,15
1650,00;99,14
1649,00;99,14
1648,00;99,12
1647,00;99,06
1646,00;99,01
1645,00;98,97
1644,00;98,93
1643,00;98,91
1642,00;98,88
1641,00;98,86
1640,00;98,83
1639,00;98,81
1638,00;98,80
1637,00;98,79
1636,00;98,76
1635,00;98,73
1634,00;98,71
1633,00;98,71
1632,00;98,71
1631,00;98,72
1630,00;98,72
1629,00;98,73
1628,00;98,73
1627,00;98,75
1626,00;98,77
1625,00;98,79
1624,00;98,82
1623,00;98,85
1622,00;98,88
1621,00;98,91
1620,00;98,95
1619,00;98,99
1618,00;99,03
1617,00;99,07
1616,00;99,13
1615,00;99,18
1614,00;99,23
1613,00;99,29
1612,00;99,34
1611,00;99,40
1610,00;99,46
1609,00;99,53
1608,00;99,59
1607,00;99,65
1606,00;99,71
1605,00;99,77
1604,00;99,83
1603,00;99,88
1602,00;99,94
1601,00;99,99
1600,00;100,03
1599,00;100,07
1598,00;100,11
1597,00;100,15
1596,00;100,19
1595,00;100,22
1594,00;100,26
1593,00;100,29
1592,00;100,32
1591,00;100,35
1590,00;100,37
1589,00;100,40
1588,00;100,42
1587,00;100,44
1586,00;100,46
1585,00;100,48
1584,00;100,50
1583,00;100,52
1582,00;100,53
1581,00;100,55
1580,00;100,56
1579,00;100,58
1578,00;100,59
1577,00;100,60
1576,00;100,61
1575,00;100,62
1574,00;100,64
1573,00;100,65
1572,00;100,66
1571,00;100,66
1570,00;100,67
1569,00;100,68
1568,00;100,68
1567,00;100,69
1566,00;100,70
1565,00;100,70
1564,00;100,71
1563,00;100,72
1562,00;100,74
1561,00;100,75
1560,00;100,74
1559,00;100,74
1558,00;100,77
1557,00;100,77
1556,00;100,77
1555,00;100,77
1554,00;100,76
1553,00;100,75
1552,00;100,75
1551,00;100,76
1550,00;100,76
1549,00;100,76
1548,00;100,76
1547,00;100,76
1546,00;100,76
1545,00;100,76
1544,00;100,76
1543,00;100,76
1542,00;100,76
1541,00;100,76
1540,00;100,77
1539,00;100,78
1538,00;100,78
1537,00;100,77
1536,00;100,77
1535,00;100,77
1534,00;100,77
1533,00;100,77
1532,00;100,77
1531,00;100,77
1530,00;100,77
1529,00;100,77
1528,00;100,77
1527,00;100,77
1526,00;100,76
1525,00;100,76
1524,00;100,76
1523,00;100,76
1522,00;100,76
1521,00;100,76
1520,00;100,77
1519,00;100,77
1518,00;100,77
1517,00;100,77
1516,00;100,77
1515,00;100,77
1514,00;100,77
1513,00;100,77
1512,00;100,76
1511,00;100,76
1510,00;100,76
1509,00;100,76
1508,00;100,76
1507,00;100,76
1506,00;100,77
1505,00;100,77
1504,00;100,76
1503,00;100,76
1502,00;100,75
1501,00;100,75
1500,00;100,75
1499,00;100,75
1498,00;100,75
1497,00;100,75
1496,00;100,75
1495,00;100,74
1494,00;100,74
1493,00;100,74
1492,00;100,74
1491,00;100,74
1490,00;100,73
1489,00;100,74
1488,00;100,75
1487,00;100,75
1486,00;100,75
1485,00;100,74
1484,00;100,74
1483,00;100,73
1482,00;100,73
1481,00;100,73
1480,00;100,73
1479,00;100,73
1478,00;100,73
1477,00;100,72
1476,00;100,72
1475,00;100,72
1474,00;100,72
1473,00;100,72
1472,00;100,72
1471,00;100,72
1470,00;100,72
1469,00;100,71
1468,00;100,71
1467,00;100,70
1466,00;100,70
1465,00;100,70
1464,00;100,70
1463,00;100,70
1462,00;100,70
1461,00;100,70
1460,00;100,70
1459,00;100,71
1458,00;100,70
1457,00;100,70
1456,00;100,70
1455,00;100,70
1454,00;100,70
1453,00;100,70
1452,00;100,70
1451,00;100,70
1450,00;100,69
1449,00;100,69
1448,00;100,69
1447,00;100,69
1446,00;100,69
1445,00;100,69
1444,00;100,69
1443,00;100,69
1442,00;100,69
1441,00;100,69
1440,00;100,69
1439,00;100,69
1438,00;100,69
1437,00;100,69
1436,00;100,69
1435,00;100,69
1434,00;100,69
1433,00;100,69
1432,00;100,69
1431,00;100,68
1430,00;100,68
1429,00;100,67
1428,00;100,67
1427,00;100,67
1426,00;100,67
1425,00;100,67
1424,00;100,66
1423,00;100,67
1422,00;100,67
1421,00;100,67
1420,00;100,67
1419,00;100,67
1418,00;100,66
1417,00;100,66
1416,00;100,66
1415,00;100,66
1414,00;100,65
1413,00;100,65
1412,00;100,65
1411,00;100,65
1410,00;100,64
1409,00;100,64
1408,00;100,63
1407,00;100,63
1406,00;100,62
1405,00;100,62
1404,00;100,62
1403,00;100,61
1402,00;100,61
1401,00;100,61
1400,00;100,60
1399,00;100,59
1398,00;100,59
1397,00;100,59
1396,00;100,59
1395,00;100,59
1394,00;100,58
1393,00;100,57
1392,00;100,57
1391,00;100,57
1390,00;100,57
1389,00;100,57
1388,00;100,56
1387,00;100,55
1386,00;100,55
1385,00;100,54
1384,00;100,54
1383,00;100,54
1382,00;100,53
1381,00;100,53
1380,00;100,52
1379,00;100,52
1378,00;100,51
1377,00;100,51
1376,00;100,50
1375,00;100,50
1374,00;100,50
1373,00;100,49
1372,00;100,48
1371,00;100,48
1370,00;100,48
1369,00;100,47
1368,00;100,47
1367,00;100,46
1366,00;100,46
1365,00;100,45
1364,00;100,45
1363,00;100,45
1362,00;100,44
1361,00;100,44
1360,00;100,43
1359,00;100,42
1358,00;100,41
1357,00;100,41
1356,00;100,40
1355,00;100,40
1354,00;100,39
1353,00;100,39
1352,00;100,38
1351,00;100,37
1350,00;100,37
1349,00;100,36
1348,00;100,35
1347,00;100,35
1346,00;100,34
1345,00;100,33
1344,00;100,32
1343,00;100,32
1342,00;100,31
1341,00;100,30
1340,00;100,29
1339,00;100,28
1338,00;100,27
1337,00;100,26
1336,00;100,25
1335,00;100,24
1334,00;100,23
1333,00;100,23
1332,00;100,22
1331,00;100,22
1330,00;100,21
1329,00;100,19
1328,00;100,18
1327,00;100,17
1326,00;100,15
1325,00;100,14
1324,00;100,12
1323,00;100,11
1322,00;100,09
1321,00;100,07
1320,00;100,06
1319,00;100,04
1318,00;100,03
1317,00;100,01
1316,00;99,99
1315,00;99,97
1314,00;99,96
1313,00;99,94
1312,00;99,92
1311,00;99,89
1310,00;99,87
1309,00;99,85
1308,00;99,83
1307,00;99,80
1306,00;99,77
1305,00;99,74
1304,00;99,71
1303,00;99,68
1302,00;99,66
1301,00;99,63
1300,00;99,59
1299,00;99,56
1298,00;99,52
1297,00;99,48
1296,00;99,44
1295,00;99,40
1294,00;99,36
1293,00;99,31
1292,00;99,26
1291,00;99,21
1290,00;99,16
1289,00;99,10
1288,00;99,05
1287,00;98,98
1286,00;98,92
1285,00;98,86
1284,00;98,79
1283,00;98,71
1282,00;98,64
1281,00;98,56
1280,00;98,47
1279,00;98,39
1278,00;98,30
1277,00;98,20
1276,00;98,10
1275,00;98,00
1274,00;97,89
1273,00;97,77
1272,00;97,64
1271,00;97,51
1270,00;97,36
1269,00;97,21
1268,00;97,04
1267,00;96,86
1266,00;96,67
1265,00;96,46
1264,00;96,24
1263,00;96,00
1262,00;95,74
1261,00;95,46
1260,00;95,16
1259,00;94,84
1258,00;94,50
1257,00;94,13
1256,00;93,75
1255,00;93,34
1254,00;92,91
1253,00;92,47
1252,00;92,00
1251,00;91,53
1250,00;91,06
1249,00;90,57
1248,00;90,08
1247,00;89,59
1246,00;89,11
1245,00;88,62
1244,00;88,14
1243,00;87,66
1242,00;87,20
1241,00;86,75
1240,00;86,30
1239,00;85,86
1238,00;85,43
1237,00;85,01
1236,00;84,60
1235,00;84,20
1234,00;83,81
1233,00;83,43
1232,00;83,06
1231,00;82,69
1230,00;82,34
1229,00;82,00
1228,00;81,65
1227,00;81,32
1226,00;80,99
1225,00;80,67
1224,00;80,36
1223,00;80,05
1222,00;79,75
1221,00;79,46
1220,00;79,17
1219,00;78,88
1218,00;78,60
1217,00;78,33
1216,00;78,06
1215,00;77,79
1214,00;77,53
1213,00;77,27
1212,00;77,01
1211,00;76,76
1210,00;76,52
1209,00;76,27
1208,00;76,02
1207,00;75,78
1206,00;75,54
1205,00;75,31
1204,00;75,06
1203,00;74,83
1202,00;74,60
1201,00;74,37
1200,00;74,14
1199,00;73,91
1198,00;73,69
1197,00;73,46
1196,00;73,23
1195,00;73,00
1194,00;72,78
1193,00;72,56
1192,00;72,32
1191,00;72,09
1190,00;71,87
1189,00;71,65
1188,00;71,42
1187,00;71,19
1186,00;70,98
1185,00;70,76
1184,00;70,53
1183,00;70,31
1182,00;70,10
1181,00;69,89
1180,00;69,67
1179,00;69,45
1178,00;69,24
1177,00;69,03
1176,00;68,82
1175,00;68,60
1174,00;68,40
1173,00;68,20
1172,00;67,99
1171,00;67,78
1170,00;67,59
1169,00;67,40
1168,00;67,20
1167,00;67,00
1166,00;66,81
1165,00;66,63
1164,00;66,43
1163,00;66,25
1162,00;66,08
1161,00;65,90
1160,00;65,71
1159,00;65,53
1158,00;65,36
1157,00;65,19
1156,00;65,01
1155,00;64,84
1154,00;64,67
1153,00;64,51
1152,00;64,33
1151,00;64,15
1150,00;63,99
1149,00;63,82
1148,00;63,64
1147,00;63,46
1146,00;63,29
1145,00;63,11
1144,00;62,92
1143,00;62,73
1142,00;62,54
1141,00;62,36
1140,00;62,15
1139,00;61,94
1138,00;61,74
1137,00;61,53
1136,00;61,30
1135,00;61,06
1134,00;60,82
1133,00;60,57
1132,00;60,30
1131,00;60,00
1130,00;59,71
1129,00;59,40
1128,00;59,04
1127,00;58,66
1126,00;58,27
1125,00;57,84
1124,00;57,36
1123,00;56,83
1122,00;56,28
1121,00;55,67
1120,00;54,98
1119,00;54,24
1118,00;53,44
1117,00;52,57
1116,00;51,62
1115,00;50,60
1114,00;49,54
1113,00;48,42
1112,00;47,23
1111,00;46,01
1110,00;44,79
1109,00;43,56
1108,00;42,31
1107,00;41,08
1106,00;39,90
1105,00;38,76
1104,00;37,64
1103,00;36,58
1102,00;35,60
1101,00;34,67
1100,00;33,78
1099,00;32,95
1098,00;32,20
1097,00;31,50
1096,00;30,83
1095,00;30,21
1094,00;29,66
1093,00;29,14
1092,00;28,63
1091,00;28,15
1090,00;27,73
1089,00;27,33
1088,00;26,93
1087,00;26,55
1086,00;26,23
1085,00;25,92
1084,00;25,60
1083,00;25,30
1082,00;25,04
1081,00;24,80
1080,00;24,54
1079,00;24,30
1078,00;24,10
1077,00;23,91
1076,00;23,70
1075,00;23,52
1074,00;23,37
1073,00;23,23
1072,00;23,08
1071,00;22,95
1070,00;22,85
1069,00;22,77
1068,00;22,67
1067,00;22,60
1066,00;22,56
1065,00;22,53
1064,00;22,50
1063,00;22,49
1062,00;22,53
1061,00;22,59
1060,00;22,64
1059,00;22,72
1058,00;22,85
1057,00;23,01
1056,00;23,17
1055,00;23,37
1054,00;23,63
1053,00;23,92
1052,00;24,22
1051,00;24,57
1050,00;24,98
1049,00;25,44
1048,00;25,93
1047,00;26,48
1046,00;27,10
1045,00;27,78
1044,00;28,50
1043,00;29,27
1042,00;30,14
1041,00;31,06
1040,00;32,03
1039,00;33,07
1038,00;34,20
1037,00;35,39
1036,00;36,63
1035,00;37,93
1034,00;39,31
1033,00;40,74
1032,00;42,21
1031,00;43,73
1030,00;45,31
1029,00;46,91
1028,00;48,53
1027,00;50,17
1026,00;51,85
1025,00;53,52
1024,00;55,18
1023,00;56,84
1022,00;58,49
1021,00;60,12
1020,00;61,71
1019,00;63,28
1018,00;64,81
1017,00;66,30
1016,00;67,73
1015,00;69,11
1014,00;70,45
1013,00;71,73
1012,00;72,95
1011,00;74,11
1010,00;75,21
1009,00;76,26
1008,00;77,23
1007,00;78,15
1006,00;79,02
1005,00;79,83
1004,00;80,57
1003,00;81,26
1002,00;81,90
1001,00;82,48
1000,00;83,00
999,00;83,47
998,00;83,89
997,00;84,24
996,00;84,54
995,00;84,79
994,00;85,00
993,00;85,14
992,00;85,23
991,00;85,27
990,00;85,25
989,00;85,18
988,00;85,05
987,00;84,89
986,00;84,68
985,00;84,43
984,00;84,15
983,00;83,83
982,00;83,50
981,00;83,15
980,00;82,78
979,00;82,41
978,00;82,04
977,00;81,66
976,00;81,29
975,00;80,92
974,00;80,57
973,00;80,22
972,00;79,87
971,00;79,54
970,00;79,23
969,00;78,93
968,00;78,63
967,00;78,35
966,00;78,09
965,00;77,84
964,00;77,60
963,00;77,37
962,00;77,16
961,00;76,97
960,00;76,78
959,00;76,61
958,00;76,46
957,00;76,32
956,00;76,20
955,00;76,08
954,00;75,99
953,00;75,91
952,00;75,83
951,00;75,78
950,00;75,74
949,00;75,72
948,00;75,70
947,00;75,70
946,00;75,71
945,00;75,75
944,00;75,79
943,00;75,85
942,00;75,93
941,00;76,03
940,00;76,13
939,00;76,24
938,00;76,38
937,00;76,52
936,00;76,68
935,00;76,84
934,00;77,03
933,00;77,23
932,00;77,43
931,00;77,65
930,00;77,88
929,00;78,13
928,00;78,38
927,00;78,64
926,00;78,92
925,00;79,20
924,00;79,49
923,00;79,79
922,00;80,10
921,00;80,41
920,00;80,72
919,00;81,03
918,00;81,35
917,00;81,66
916,00;81,97
915,00;82,29
914,00;82,60
913,00;82,91
912,00;83,21
911,00;83,51
910,00;83,81
909,00;84,11
908,00;84,40
907,00;84,69
906,00;84,98
905,00;85,26
904,00;85,54
903,00;85,82
902,00;86,09
901,00;86,36
900,00;86,63
899,00;86,88
898,00;87,14
897,00;87,39
896,00;87,64
895,00;87,88
894,00;88,12
893,00;88,35
892,00;88,57
891,00;88,78
890,00;88,99
889,00;89,18
888,00;89,37
887,00;89,55
886,00;89,72
885,00;89,89
884,00;90,03
883,00;90,17
882,00;90,31
881,00;90,44
880,00;90,56
879,00;90,67
878,00;90,77
877,00;90,87
876,00;90,95
875,00;91,03
874,00;91,10
873,00;91,17
872,00;91,23
871,00;91,29
870,00;91,34
869,00;91,39
868,00;91,43
867,00;91,46
866,00;91,49
865,00;91,51
864,00;91,52
863,00;91,53
862,00;91,54
861,00;91,54
860,00;91,54
859,00;91,53
858,00;91,52
857,00;91,50
856,00;91,47
855,00;91,43
854,00;91,39
853,00;91,33
852,00;91,26
851,00;91,17
850,00;91,08
849,00;90,98
848,00;90,86
847,00;90,71
846,00;90,54
845,00;90,36
844,00;90,14
843,00;89,91
842,00;89,66
841,00;89,39
840,00;89,09
839,00;88,77
838,00;88,44
837,00;88,09
836,00;87,74
835,00;87,37
834,00;86,99
833,00;86,61
832,00;86,22
831,00;85,82
830,00;85,41
829,00;85,01
828,00;84,60
827,00;84,20
826,00;83,80
825,00;83,41
824,00;83,02
823,00;82,62
822,00;82,24
821,00;81,85
820,00;81,47
819,00;81,10
818,00;80,74
817,00;80,39
816,00;80,04
815,00;79,70
814,00;79,38
813,00;79,06
812,00;78,74
811,00;78,43
810,00;78,15
809,00;77,88
808,00;77,61
807,00;77,37
806,00;77,14
805,00;76,93
804,00;76,73
803,00;76,55
802,00;76,39
801,00;76,25
800,00;76,12
799,00;76,02
798,00;75,95
797,00;75,90
796,00;75,87
795,00;75,87
794,00;75,89
793,00;75,95
792,00;76,03
791,00;76,14
790,00;76,28
789,00;76,46
788,00;76,65
787,00;76,88
786,00;77,15
785,00;77,46
784,00;77,80
783,00;78,17
782,00;78,57
781,00;79,01
780,00;79,46
779,00;79,95
778,00;80,47
777,00;81,00
776,00;81,54
775,00;82,06
774,00;82,57
773,00;83,04
772,00;83,47
771,00;83,86
770,00;84,20
769,00;84,49
768,00;84,72
767,00;84,92
766,00;85,08
765,00;85,21
764,00;85,30
763,00;85,39
762,00;85,46
761,00;85,53
760,00;85,59
759,00;85,63
758,00;85,67
757,00;85,71
756,00;85,73
755,00;85,76
754,00;85,79
753,00;85,83
752,00;85,85
751,00;85,88
750,00;85,91
749,00;85,94
748,00;85,97
747,00;85,99
746,00;86,02
745,00;86,04
744,00;86,06
743,00;86,08
742,00;86,11
741,00;86,14
740,00;86,16
739,00;86,19
738,00;86,21
737,00;86,23
736,00;86,25
735,00;86,28
734,00;86,31
733,00;86,34
732,00;86,36
731,00;86,38
730,00;86,40
729,00;86,42
728,00;86,44
727,00;86,45
726,00;86,47
725,00;86,49
724,00;86,50
723,00;86,52
722,00;86,55
721,00;86,58
720,00;86,60
719,00;86,61
718,00;86,61
717,00;86,62
716,00;86,63
715,00;86,64
714,00;86,65
713,00;86,66
712,00;86,66
711,00;86,66
710,00;86,68
709,00;86,70
708,00;86,71
707,00;86,71
706,00;86,72
705,00;86,72
704,00;86,73
703,00;86,74
702,00;86,75
701,00;86,75
700,00;86,75
699,00;86,75
698,00;86,76
697,00;86,77
696,00;86,77
695,00;86,77
694,00;86,77
693,00;86,77
692,00;86,76
691,00;86,75
690,00;86,75
689,00;86,74
688,00;86,73
687,00;86,72
686,00;86,71
685,00;86,71
684,00;86,71
683,00;86,71
682,00;86,71
681,00;86,71
680,00;86,70
679,00;86,69
678,00;86,69
677,00;86,68
676,00;86,67
675,00;86,66
674,00;86,65
673,00;86,64
672,00;86,64
671,00;86,63
670,00;86,62
669,00;86,58
668,00;86,48
667,00;86,39
666,00;86,40
665,00;86,44
664,00;86,45
663,00;86,45
662,00;86,43
661,00;86,41
660,00;86,38
659,00;86,35
658,00;86,35
657,00;86,34
656,00;86,32
655,00;86,29
654,00;86,26
653,00;86,23
652,00;86,18
651,00;86,14
650,00;86,11
649,00;86,09
648,00;86,06
647,00;86,02
646,00;85,98
645,00;85,94
644,00;85,91
643,00;85,88
642,00;85,87
641,00;85,85
640,00;85,81
639,00;85,77
638,00;85,72
637,00;85,67
636,00;85,61
635,00;85,55
634,00;85,51
633,00;85,46
632,00;85,40
631,00;85,35
630,00;85,30
629,00;85,26
628,00;85,20
627,00;85,14
626,00;85,08
625,00;85,01
624,00;84,94
623,00;84,88
622,00;84,84
621,00;84,80
620,00;84,74
619,00;84,68
618,00;84,62
617,00;84,55
616,00;84,45
615,00;84,35
614,00;84,28
613,00;84,20
612,00;84,09
611,00;83,99
610,00;83,91
609,00;83,83
608,00;83,73
607,00;83,64
606,00;83,55
605,00;83,44
604,00;83,30
603,00;83,18
602,00;83,08
601,00;82,98
600,00;82,85
599,00;82,73
598,00;82,62
597,00;82,51
596,00;82,36
595,00;82,22
594,00;82,11
593,00;82,01
592,00;81,88
591,00;81,73
590,00;81,60
589,00;81,46
588,00;81,30
587,00;81,14
586,00;81,02
585,00;80,90
584,00;80,74
583,00;80,60
582,00;80,48
581,00;80,35
580,00;80,17
579,00;79,99
578,00;79,86
577,00;79,73
576,00;79,57
575,00;79,41
574,00;79,28
573,00;79,16
572,00;79,01
571,00;78,88
570,00;78,81
569,00;78,73
568,00;78,58
567,00;78,40
566,00;78,24
565,00;78,09
564,00;77,92
563,00;77,83
562,00;77,83
561,00;77,82
560,00;77,73
559,00;77,62
558,00;77,55
557,00;77,48
556,00;77,37
555,00;77,28
554,00;77,27
553,00;77,25
552,00;77,18
551,00;77,11
550,00;77,08
549,00;77,04
548,00;76,93
547,00;76,85
546,00;76,86
545,00;76,88
544,00;76,84
543,00;76,82
542,00;76,86
541,00;76,88
540,00;76,80
539,00;76,75
538,00;76,83
537,00;76,92
536,00;76,93
535,00;76,96
534,00;77,08
533,00;77,19
532,00;77,18
531,00;77,14
530,00;77,18
529,00;77,20
528,00;77,11
527,00;77,05
526,00;77,17
525,00;77,33
524,00;77,34
523,00;77,28
522,00;77,25
521,00;77,17
520,00;76,96
519,00;76,84
518,00;76,91
517,00;76,90
516,00;76,59
515,00;76,27
514,00;76,20
513,00;76,11
512,00;75,73
511,00;75,33
510,00;75,27
509,00;75,26
508,00;74,94
507,00;74,64
506,00;74,68
505,00;74,49
504,00;73,51
503,00;72,41
502,00;72,19
501,00;72,31
500,00;71,59
499,00;70,48
498,00;69,93
497,00;69,31
496,00;67,51
495,00;65,84
494,00;66,14
493,00;66,76
492,00;65,36
491,00;63,80
490,00;64,84
489,00;65,77
488,00;62,81
487,00;59,08
486,00;59,32
485,00;58,72
484,00;51,51
483,00;45,60
482,00;51,26
481,00;58,89
480,00;59,56
479,00;60,64
478,00;64,77
477,00;65,92
476,00;52,61
475,00;33,83
474,00;43,36
473,00;51,92
472,00;26,45
471,00;6,65
470,00;32,60
469,00;61,72
468,00;48,73
467,00;26,31
466,00;52,23
465,00;77,01
464,00;55,21
463,00;-3,98
462,00;88,28
461,00;103,49
460,00;101,35
459,00;88,93
458,00;53,76
457,00;93,11
456,00;64,38
455,00;61,33
454,00;228,19
453,00;125,21
452,00;88,61
451,00;203,83
450,00;66,56
449,00;79,01
448,00;61,70
447,00;26,55
446,00;49,21
445,00;120,91
444,00;92,09
443,00;26,41
442,00;179,72
441,00;155,43
440,00;231,47
439,00;93,53
438,00;82,18
437,00;107,00
436,00;34,54
435,00;107,05
434,00;71,11
433,00;76,27
432,00;73,16
431,00;99,92
430,00;84,73
429,00;74,34
428,00;60,64
427,00;94,11
426,00;104,90
425,00;121,42
424,00;58,96
423,00;74,60
422,00;137,46
421,00;118,56
420,00;78,77
419,00;90,41
418,00;43,20
417,00;13,08
416,00;52,22
415,00;217,54
414,00;139,13
413,00;117,23
412,00;199,22
411,00;177,83
410,00;70,99
409,00;45,63
408,00;54,33
407,00;164,56
406,00;194,18
405,00;93,19
404,00;136,65
403,00;86,73
402,00;118,63
401,00;110,01
400,00;78,05
